0.008,0.23017279968136262,3.1761145570571747,0.01594017454623926,1.9925218182799076,-0.03983936987396654,-4.979921234245813,19.925218182799075
0.016,0.4603813971373011,6.352209043250768,0.03188029872691889,1.9925155225849536,-0.07967791735776007,-4.979818435474222,19.925155225849537
0.024,0.69543102506295,9.573646550011583,0.04793380303410569,2.0066880383983503,-0.11994718832591718,-5.033658871019617,20.066880383983502
0.032,0.9357798728844893,12.840745688078997,0.06410068062519894,2.0208596988866563,-0.1606842407338713,-5.09213155099427,20.208596988866564
0.04,1.1821775053257058,16.154129704818054,0.08038167326505738,2.0351240799823045,-0.20195271038214446,-5.158558706034144,20.351240799823046
0.048,1.4353949709888951,19.514415995022393,0.09677749295229313,2.049477460904468,-0.24381573528898215,-5.232878113354696,20.49477460904468
0.056,1.6962300728946595,22.9222155910106,0.11328882141729123,2.063916058124762,-0.28633617967302843,-5.3150555480058195,20.639160581247623
0.064,1.9655094614609137,26.378130460656504,0.12991630437688773,2.078435369949564,-0.3295765541635639,-5.405046811316912,20.78435369949564
0.07200000000000001,2.2440903479172154,29.882750616995573,0.14666054555130723,2.093030146802438,-0.37359891222763847,-5.502794758009314,20.93030146802438
0.08000000000000002,2.5328618611207823,33.43665102468441,0.16352210042074639,2.1076943586798937,-0.4184647291907968,-5.608227120394828,21.076943586798937
0.08800000000000002,2.8327459837624627,37.040388314748824,0.1805014697613654,2.122421167577378,-0.46423476237230893,-5.721254147689005,21.22421167577378
0.09600000000000003,3.1446979985441703,40.69449732853402,0.1975990930202519,2.1372029073608094,-0.510968891038241,-5.841766083241495,21.372029073608093
0.10400000000000004,3.4697063689402152,44.39948752348476,0.2148153416126735,2.1520310740527013,-0.558725935003297,-5.969630495632012,21.520310740527012
0.11200000000000004,3.8087919737049334,48.15583928724023,0.2321505122521693,2.166896329936975,-0.607563450867216,-6.104689482989846,21.66896329936975
0.12000000000000005,4.163006609683453,51.96400022259049,0.24960482045467394,2.1817885253130824,-0.6575375050577177,-6.246756773812748,21.817885253130825
0.12800000000000006,4.533430674036834,55.824381484072845,0.26717839439165636,2.196696742122804,-0.708702423068981,-6.3956147514078845,21.966967421228038
0.13600000000000007,4.921169935024982,59.73735426721944,0.28487126930365775,2.2116093640001715,-0.7611105145292482,-6.551011432533413,22.116093640001715
0.14400000000000007,5.327351300336792,63.70324657336741,0.30268338272379514,2.2265141775171697,-0.8148117739999551,-6.712657433838346,22.2651417751717
0.15200000000000008,5.753117493929539,67.72234039596704,0.3206145707995466,2.241398509468928,-0.8698535576954709,-6.880222961939483,22.41398509468928
0.1600000000000001,6.199620556742065,71.79486949769101,0.33866456603882344,2.256249404909608,-0.9262802366106846,-7.053334864401733,22.56249404909608
0.1680000000000001,6.668014093764805,75.92101797030298,0.3568329968408756,2.2710538502565223,-0.9841328268468029,-7.231573779514772,22.71053850256522
0.1760000000000001,7.15944420003995,80.10091978984164,0.3751193892014013,2.2857990450657115,-1.0434485982276676,-7.414471422608061,22.857990450657116
0.1840000000000001,7.675039011487115,84.33465959655884,0.3935231710012754,2.3004727249842567,-1.1042606625967317,-7.601508046133064,23.004727249842567
0.19200000000000012,8.215896843366618,88.62227494030891,0.41204367929613617,2.3150635368575956,-1.1665975434853413,-7.79211011107623,23.150635368575955
0.20000000000000012,8.783072891240224,92.96376023473302,0.4306801710141052,2.3295614647461287,-1.230482728602932,-7.9856481396988475,23.295614647461285
0.20800000000000013,9.377564564257021,97.35907266307458,0.4494318374538467,2.343958304967682,-1.2959342112801955,-8.181435334657916,23.43958304967682
0.21600000000000014,10.000295305689011,101.80814023612743,0.46829782287322586,2.3582481774223956,-1.3629640121575193,-8.37872510966546,23.582481774223957
0.22400000000000014,10.652097284183753,106.31087221571688,0.48727724747902346,2.3724280757247036,-1.431577703386305,-8.576711403598257,23.724280757247037
0.23200000000000015,11.333692768197272,110.86717200370565,0.5063692348831441,2.3864984255150783,-1.5017739202904108,-8.774527113013175,23.864984255150784
0.24000000000000016,12.045674537249738,115.47695257702854,0.5255729440526204,2.4004636461845483,-1.573543876417747,-8.971244515917101,24.004636461845482
0.24800000000000016,12.788485507040964,120.14015443104782,0.5448876055386922,2.4143326857589638,-1.6468708843508082,-9.165875991632609,24.14332685758964
0.25600000000000017,13.562397885725035,124.85676589105537,0.564312561569546,2.4281195038567285,-1.721729890180643,-9.357375728729334,24.281195038567283
0.2640000000000002,14.367492258759967,129.6268455204967,0.5838473093374417,2.441843470986962,-1.7980870310137964,-9.544642604144174,24.41843470986962
0.2720000000000002,15.203637100199341,134.45054620898253,0.6034915465351255,2.4555296497104844,-1.8758992272246722,-9.72652452635951,24.555296497104845
0.2800000000000002,16.07046931634709,139.3281403670102,0.6232452179063469,2.4692089214026818,-1.9551138237202532,-9.901824561947608,24.69208921402682
0.2880000000000002,16.967376527284657,144.26004549595197,0.6431085612884501,2.4829179227628915,-2.0356682965875237,-10.069309108408813,24.829179227628913
0.2960000000000002,17.89348199503194,149.24684924728382,0.6630821513539978,2.4966987581934696,-2.117490048896357,-10.22771903860418,24.966987581934696
0.3040000000000002,18.847633066984688,154.28933295133837,0.6831669390383216,2.5105984605404696,-2.2004963149789396,-10.37578326032277,25.105984605404696
0.3120000000000002,19.828393822545944,159.38849253072024,0.7033642845656564,2.524668190916847,-2.284594182946539,-10.512233495950039,25.24668190916847
0.32000000000000023,20.834043803899153,164.54555558542884,0.7236759817959887,2.5389621537915343,-2.3696808022732374,-10.635827415837223,25.389621537915342
0.32800000000000024,21.862582690321958,169.7619935657414,0.7441042719453136,2.5535362686656105,-2.455643747200648,-10.745368115926379,25.535362686656104
0.33600000000000024,22.91174242345213,175.03952796819158,0.7646518448481169,2.5684466128504084,-2.5423615898825482,-10.83973033523754,25.684466128504084
0.34400000000000025,23.979007086354734,180.38012971016752,0.7853218264484492,2.583747700041539,-2.629704684798178,-10.917886864453664,25.83747700041539
0.35200000000000026,25.06164077542322,185.7860111119111,0.8061177518219325,2.599490671685416,-2.717536170983386,-10.97893577315105,25.99490671685416
0.36000000000000026,26.15672323751859,191.25961026821213,0.8270435237910638,2.6157214961414144,-2.8057131861629143,-11.022126897440979,26.157214961414144
0.36800000000000027,27.261192561796722,196.8035680056359,0.8481033580495261,2.632479282307784,-2.894088274821054,-11.046886082267491,26.32479282307784
0.3760000000000003,28.371893717761992,202.42069806135572,0.8693017165816763,2.6497948165187744,-2.982510959630685,-11.05283560120387,26.497948165187744
0.3840000000000003,29.4856312769219,208.11395154765648,0.890643231966111,2.667689423054329,-3.0708294339862867,-11.03980929445019,26.67689423054329
0.3920000000000003,30.597485145870476,213.8863771399881,0.9121326258008967,2.686174229348226,3.124292983281792,-11.00786123893843,26.86174229348226
0.4000000000000003,31.697270484222933,219.74107870637758,0.9337746249070596,2.7052498882703704,3.0366348458253047,-10.957267182060946,27.052498882703702
0.4080000000000003,32.78205273850501,225.68117225179287,0.9555738791060735,2.7249067748767346,2.949526697623174,-10.888518525266354,27.249067748767345
0.4160000000000003,33.84908123873766,231.70974406505718,0.977534884207415,2.745125637667679,2.8631082238161922,-10.802309225872705,27.45125637667679
0.4240000000000003,34.89583020382068,237.8298118380505,0.9996619134214659,2.76587865175637,2.7775120973516643,-10.69951580806604,27.6587865175637
0.43200000000000033,35.92003225060273,244.04429024646302,1.0219589596983387,2.787130784609085,2.6928627034751655,-10.581174234562301,27.87130784609085
0.44000000000000034,36.919703043098366,250.35596220475202,1.0444296908093444,2.8088413888757136,2.609275102797373,-10.448450084724087,28.088413888757135
0.44800000000000034,37.89315736902346,256.7674565219906,1.0670774179663702,2.8309658946282372,2.526854221415288,-10.30261017276062,28.309658946282372
0.45600000000000035,38.8390165388404,263.2812323455756,1.0899050780717512,2.853457513172614,2.445694285355774,-10.14499200743928,28.53457513172614
0.46400000000000036,39.75620784175598,269.8995703553313,1.1129152288922144,2.876268852557892,2.365878485802665,-9.976974944138579,28.76268852557892
0.47200000000000036,40.643957043269104,276.62457033850757,1.136110055872688,2.899353372559188,2.2874788553392538,-9.799953807926393,28.99353372559188
0.48000000000000037,41.50177809849504,283.4581542479268,1.1594913884427864,2.9226665712622926,2.2105561728511285,-9.615335311015665,29.226665712622925
0.4880000000000004,42.32944756353716,290.4020753804697,1.1830607263758601,2.946167241634214,2.1351605811178676,-9.424448966657614,29.46167241634214
0.4960000000000004,43.128573798300636,297.45781588412973,1.2068190773348977,2.9697938698797013,2.0612456211512793,-9.23936999582359,29.697938698797014
0.5040000000000003,43.89453712884942,304.62719940317874,1.2307679955051183,2.9936147712775667,1.9891069322035975,-9.017336118460179,29.936147712775668
0.5120000000000003,44.632756842630755,311.9111493326235,1.2549075065680122,3.017438882861746,1.918490388605532,-8.827067949758193,30.174388828617463
0.5200000000000004,45.342215109028004,319.3110543430333,1.2792384005267796,3.0413617448459185,1.8494974914962414,-8.624112138661612,30.413617448459185
0.5280000000000004,46.02379050958324,326.8280864710363,1.3037610955303929,3.0653368754516586,1.7821239650213911,-8.421690809361197,30.653368754516585
0.5360000000000004,46.67766577245903,334.4631781368253,1.3284756121807975,3.0893145813005707,1.7164071703335413,-8.214599335981376,30.893145813005706
0.5440000000000004,47.305615927701325,342.2174840569138,1.3533823276127261,3.1133394289910985,1.6522876875268286,-8.014935350839023,31.133394289910985
0.5520000000000004,47.90846341406778,350.0919543640337,1.3784812842557739,3.1373695803809722,1.5897620222821,-7.815708155591132,31.373695803809724
0.5600000000000004,48.48734528646224,358.08756036202647,1.403772557055683,3.161409099988633,1.5288054328192606,-7.619573682854912,31.61409099988633
0.5680000000000004,49.043436367325924,366.20527558298664,1.4292562227589685,3.1854582129106976,1.4693883359398363,-7.427137109927985,31.854582129106976
0.5760000000000004,49.5780215503997,374.44608563329126,1.454932375197065,3.209519054762065,1.411470845852648,-7.239686260899159,32.095190547620646
0.5840000000000004,50.092094657708614,382.8109962545439,1.48080113724128,3.233595255526854,1.3550302243279857,-7.05507769058225,32.33595255526854
0.5920000000000004,50.58710564912171,391.30104672654494,1.506862680514081,3.2576929091001365,1.3000083936786444,-6.877728831167632,32.57692909100137
0.6000000000000004,51.064222469335235,399.91731825149964,1.5331172367281247,3.281819526755452,1.2463634018575522,-6.705623977636547,32.81819526755452
0.6080000000000004,51.5246627740377,408.6609368886261,1.5595651003652906,3.3059829546457253,1.194045893725578,-6.5396885164967955,33.05982954645725
0.6160000000000004,51.969601162921194,417.5330797650639,1.586206636171528,3.33019197577966,1.1430057643558955,-6.3800161712102454,33.3019197577966
0.6240000000000004,52.4002323551957,426.5349821194112,1.6130422876141104,3.3544564303228164,1.0931871766816634,-6.22732345927899,33.544564303228164
0.6320000000000005,52.81769277725162,435.66793695666115,1.6400725740902096,3.378785809512406,1.0445346331923329,-6.081567936166349,33.787858095124065
0.6400000000000005,53.223096500238725,444.9332986217289,1.6672980939788256,3.4031899860769874,0.9969902011588516,-5.943054004185143,34.031899860769876
0.6480000000000005,53.61752317067413,454.33248390843545,1.6947195239732027,3.4276787492971392,0.9504945493757697,-5.811956472885323,34.276787492971394
0.6560000000000005,54.0020178452784,463.8669727291798,1.7223376177825072,3.452261726163067,0.9049870819893062,-5.68843342330794,34.52261726163067
0.6640000000000005,54.37759111512661,473.5383083551647,1.750153204241879,3.4769483074214844,0.8604060784363723,-5.572625444116711,34.76948307421485
0.6720000000000005,54.74521871666197,483.3480971100432,1.7781671846871903,3.501747555663905,0.816688911147331,-5.464645911130153,35.01747555663905
0.6800000000000005,55.10584177947433,493.29800766136447,1.8063805298292626,3.526668142759046,0.7737722398395412,-5.364583913473745,35.266681427590456
0.6880000000000005,55.46036955505686,503.3897703565302,1.8347942767770564,3.55171836847422,0.7315920005339942,-5.272529913193418,35.5171836847422
0.6960000000000005,55.80967990013478,513.625175983819,1.8634095253376246,3.5769060700710313,0.6900836201647698,-5.188547546153043,35.76906070071031
0.7040000000000005,56.15462161980441,524.0060745647219,1.8922274344649752,3.602238640918815,0.6491820761737213,-5.11269299888107,36.02238640918815
0.7120000000000005,56.496017093725676,534.5343740648519,1.9212492186970036,3.627723029003543,0.6088219396820485,-5.045017061459087,36.27723029003543
0.7200000000000005,56.834663450060894,545.2120386950764,1.9504761441326008,3.653365679449655,0.5689375735397473,-4.985545767787711,36.53365679449655
0.7280000000000005,57.17133813948643,556.0410879720279,1.979909525558392,3.6791726782239045,0.5294629016493273,-4.93433398630276,36.791726782239046
0.7360000000000005,57.50681420683276,567.0235977934818,2.009550726372737,3.705150101793102,0.49033018115463634,-4.891590061836496,37.051501017931024
0.7440000000000005,57.84179197712305,578.1616835213822,2.0394011343805354,3.731301000974783,0.45147733025517045,-4.85660636244739,37.31301000974783
0.7520000000000006,58.177042949391755,589.4575284937611,2.069462198862525,3.75763306024865,0.412833554056772,-4.830472024785787,37.5763306024865
0.7600000000000006,58.51329137666772,600.9133567829243,2.099735392667161,3.784149225579516,0.3743318096601902,-4.81271804961595,37.84149225579516
0.7680000000000006,58.85122216534101,612.5314310738743,2.130222208559871,3.810851986588757,0.3359084212939836,-4.802923546667674,38.10851986588757
0.7760000000000006,59.19155928244362,624.3140674289166,2.1609241776889574,3.8377461411358222,0.29749530066267393,-4.801640077971979,38.377461411358226
0.7840000000000006,59.53503583115149,636.2636276207824,2.191842858374738,3.8648350857225653,0.2590234095368915,-4.808986390722616,38.64835085722565
0.7920000000000006,59.88236639187703,648.3825082449637,2.222979821135009,3.892120345033888,0.22042600659830924,-4.824675367411528,38.92120345033888
0.8000000000000006,60.234281729969254,660.673146085577,2.2543366549555506,3.9196042275677097,0.1816354141027965,-4.848824061896811,39.196042275677094
0.8080000000000006,60.59151071849155,673.1380110744303,2.285914957619061,3.9472878329388092,0.14258524773525583,-4.881270795897461,39.472878329388095
0.8160000000000006,60.954820851851146,685.7796106538183,2.3177163407077104,3.9751728860811792,0.10320662892657495,-4.922327351109066,39.751728860811795
0.8240000000000006,61.32498720526809,698.6004793847029,2.3497424159975546,4.00325941123053,0.06343174619425707,-4.971860341516931,40.032594112305304
0.8320000000000006,61.70280313271076,711.6031797382673,2.3819947961932106,4.03154752445702,0.02319311531599766,-5.029828859781322,40.315475244570194
0.8400000000000006,62.08909703805373,724.7902958400226,2.4144750869576175,4.060036345550881,-0.01757773240123406,-5.09635596465372,40.60036345550881
0.8480000000000006,62.48471650349001,738.1644306233259,2.44718488339025,4.088724554079059,-0.05894831204890494,-5.1713224559506115,40.88724554079059
0.8560000000000006,62.89054283547545,751.7282003449526,2.480125763429043,4.117610004849102,-0.10098628141157828,-5.254746170338658,41.176100048491016
0.8640000000000007,63.30749242786523,765.4842293008589,2.513299281730129,4.146689787635785,-0.14375922453012446,-5.346617889811877,41.466897876357855
0.8720000000000007,63.736515765461114,779.4351450759983,2.5467069644095837,4.175960334931857,-0.18733423535211635,-5.4468763527598565,41.759603349318574
0.8800000000000007,64.17860004633357,793.5835695548989,2.5803502989397997,4.205416816277035,-0.23177787218853307,-5.555454604544621,42.05416816277035
0.8880000000000007,64.63477244553252,807.932114330401,2.6142307296047154,4.235053833114481,-0.2771561761334498,-5.672287993121745,42.35053833114481
0.8960000000000007,65.10609964058123,822.4833723144403,2.6483496486779092,4.264864884149229,-0.3235343755273741,-5.797274924241509,42.64864884149229
0.9040000000000007,65.59368812175049,837.2399089311407,2.68270838744021,4.294842345287592,-0.37097669680189416,-5.9302901593150485,42.94842345287592
0.9120000000000007,66.09867970517686,852.2042521750772,2.7173082062188527,4.324977347330338,-0.41954581376875133,-6.071139620857041,43.249773473303385
0.9200000000000007,66.62225871810686,867.3788869291794,2.75215028968595,4.3552604333871745,-0.46930330975722967,-6.219686998559917,43.55260433387174
0.9280000000000007,67.16563027398695,882.7662383352831,2.7872357298640114,4.3856800222576195,-0.5203078441352202,-6.375566795264754,43.8568002225762
0.9360000000000007,67.73007656684403,898.3686830996264,2.822565541371398,4.416226438423326,-0.5726195017555096,-6.538957204522654,44.16226438423326
0.9440000000000007,68.31671724880906,914.1884643352762,2.8581405677080287,4.446878292078854,-0.6262816525059387,-6.707768815934331,44.46878292078854
0.9520000000000007,68.92723404444753,930.2279066696005,2.8939617260749206,4.477644795861491,-0.6813748883591817,-6.88665450900731,44.77644795861491
0.9600000000000007,69.56254746350994,946.4890101922381,2.930029554978405,4.508478612935513,-0.7379197797974477,-7.068111429868775,45.08478612935513
0.9680000000000007,70.22410081537188,962.973835692399,2.9663446488102108,4.539386728975743,-0.7959709939909985,-7.2564017742088955,45.39386728975743
0.9760000000000008,70.9131868562517,979.6842943693966,3.0029074262506597,4.570347180056135,-0.8555687018392879,-7.449713481036162,45.70347180056135
0.9840000000000008,71.63109751392426,996.622196751838,3.0397181881362183,4.601345235694853,-0.9167496858555468,-7.64762300203247,46.013452356948534
0.9920000000000008,72.37908096432838,1013.7892438353666,3.076777111038568,4.6323653627936885,-0.9795448738980026,-7.849398505306876,46.323653627936885
1.0000000000000007,73.15833780390682,1031.1870334699233,3.114084257415161,4.663393297074112,-1.0439796241180526,-8.054343777506315,46.63393297074112
1.0080000000000007,73.97000003399299,1048.8170669249341,3.1516395856177057,4.694416025318103,-1.110072960731653,-8.261667076699958,46.944160253181025
1.0160000000000007,74.8150415347947,1066.6807525472507,3.1894429564963103,4.725421359825559,-1.1778328870078152,-8.469990784520233,47.254213598255596
1.0240000000000007,75.6946267027341,1084.7794707151008,3.2274942042212933,4.7564059656228705,-1.247277462145953,-8.680571892263293,47.56405965622871
1.0320000000000007,76.60932542600483,1103.1144927790465,3.2657930523125303,4.787356011404644,-1.3183897708346128,-8.88903858583899,47.87356011404644
1.0400000000000007,77.55923167834031,1121.6870973448636,3.3043392371466402,4.818273104263729,-1.3911276045957912,-9.092229211158745,48.182731042637286
1.0480000000000007,78.54651240591112,1140.4987211382427,3.3431326631808322,4.849178254274016,-1.4655625003635384,-9.304361974822832,48.49178254274016
1.0560000000000007,79.57042143778037,1159.550636424001,3.382173068184631,4.880050625474879,-1.5416079961671612,-9.505686981983967,48.80050625474879
1.0640000000000007,80.62991553022526,1178.8443508558016,3.421460434532403,4.910920793471521,-1.6191673768837553,-9.694922589501438,49.109207934715215
1.0720000000000007,81.72388346748025,1198.381633856529,3.4609950097806363,4.941821906029134,-1.6981457346322246,-9.872294718665332,49.41821906029134
1.0800000000000007,82.85391443535693,1218.1644402819281,3.500777223319251,4.972776692326825,-1.7785871367443393,-10.055175263640766,49.72776692326825
1.0880000000000007,84.02929121954496,1238.1945636100431,3.5408073353132137,5.003763999245346,-1.8609071568904358,-10.290002518512159,50.037639992453464
1.0960000000000008,85.23252984683884,1258.4747695584683,3.5810865666350002,5.034903915223346,-1.9442187756070783,-10.413952339580172,50.34903915223346
1.1040000000000008,86.46658983539663,1279.0083349448603,3.62161662006343,5.066256678553699,-2.028640215175738,-10.552679933144262,50.66256678553699
1.1120000000000008,87.73624905768312,1299.7980799337731,3.662398719066706,5.097762375409545,-2.1143696492583492,-10.716179270548997,50.97762375409545
1.1200000000000008,89.0272474211264,1320.84905756127,3.7034362410459845,5.129690247409786,-2.2007186974673587,-10.793631021077383,51.29690247409786
1.1280000000000008,90.35664570521172,1342.1638354612178,3.7447300932760177,5.161731528754159,-2.2884533122038704,-10.966826847457124,51.617315287541594
1.1360000000000008,91.70524765604632,1363.7490359822527,3.7862850694122496,5.194372017028975,-2.37667456346634,-11.027656441671981,51.94372017028975
1.1440000000000008,93.0753964290319,1385.6100430489041,3.8281046887951673,5.227452422864715,-2.465474344339257,-11.099972456673527,52.27452422864715
1.1520000000000008,94.4680502644424,1407.752472879042,3.870192625147655,5.260992044060937,-2.5548805232981615,-11.175772308639969,52.60992044060937
1.1600000000000008,95.87444547640945,1430.1836482816893,3.9125540938687906,5.295183590141997,-2.6444873224486845,-11.20084994571983,52.95183590141997
1.1680000000000008,97.29412280677445,1452.9107590317064,3.9551940851915073,5.329998915339607,-2.7342625179429207,-11.221899397586107,53.29998915339607
1.1760000000000008,98.72283113835532,1475.941693599577,3.998118143310814,5.365507264913381,-2.824005232350631,-11.217839319474773,53.655072649133814
1.1840000000000008,100.15688119246856,1499.2846222969422,4.041331963967974,5.401727582145021,-2.913539679227289,-11.19180585906616,54.01727582145021
1.1920000000000008,101.59314287712519,1522.947992332733,4.084841383670646,5.438677462834001,-3.002714124639763,-11.146805676662767,54.38677462834001
1.2000000000000008,103.0281999635839,1546.9405462769062,4.128652390455858,5.476375848151439,-3.0913623378736514,-11.081026654235723,54.76375848151439
1.2080000000000009,104.45513557848007,1571.2710905203319,4.1727709074240655,5.514814621026013,3.1038564922775636,-10.995809628546711,55.14814621026013
1.2160000000000009,105.8660231538316,1595.9484752999685,4.217202774168228,5.553983343020211,3.0167230134428986,-10.891684854333077,55.53983343020211
1.2240000000000009,107.2582491810273,1620.9814799829219,4.261953644267437,5.5938587624011085,2.9305661218051475,-10.769611454718888,55.938587624011085
1.2320000000000009,108.62951444044778,1646.3787330605844,4.307028917380453,5.634409139127025,2.8455196456899987,-10.630809514393647,56.344091391270254
1.2400000000000009,109.97787213359082,1672.148639669611,4.352433680662758,5.675595410288084,2.7617058979032665,-10.4767184733826,56.755954102880835
1.2480000000000009,111.30224338768218,1698.2992225782373,4.3981725769403255,5.717362034695989,2.6792103851734694,-10.311939091221667,57.173620346959886
1.256000000000001,112.60256780389268,1724.8381301401569,4.444249823005531,5.75965575815078,2.59807224865408,-10.142267087560002,57.596557581507795
1.264000000000001,113.87498747875352,1751.7733709079903,4.490669853826575,5.802503852630503,2.5185237904616633,-9.943557239671584,58.025038526305025
1.272000000000001,115.12282661688594,1779.111373109306,4.537435655178688,5.8457251690140755,2.4404414201520184,-9.760292662867599,58.45725169014075
1.280000000000001,116.33399208702,1806.8612817479464,4.584552453574708,5.889599799502548,2.3645049610276128,-9.492064741569893,58.89599799502548
1.288000000000001,117.53057131618164,1835.025140150037,4.632019375448443,5.933365234216875,2.2895992957895164,-9.363210571848844,59.33365234216875
1.296000000000001,118.6842090587468,1863.6150101143214,4.679843946509172,5.978071382591165,2.217310962508305,-9.03603746656426,59.78071382591165
1.304000000000001,119.8169371163788,1892.632100023467,4.728024515131094,6.022571077740147,2.146494923674922,-8.852004775446353,60.22571077740147
1.312000000000001,120.92075345640416,1922.0840159282614,4.776564738373097,6.067527905250438,2.0776624216862785,-8.604062748714732,60.67527905250438
1.320000000000001,122.01352707501871,1951.973457339781,4.825464179197319,6.1124301030277195,2.009822418702639,-8.480000581543806,61.124301030277195
1.328000000000001,123.07467679497408,1982.3094696238359,4.874727562990198,6.157922974109744,1.9442514046489898,-8.196378303952056,61.57922974109744
1.336000000000001,124.13282367175164,2013.092976219224,4.924352965030192,6.203175254999274,1.8792550855145018,-8.124538420878164,62.03175254999274
1.344000000000001,125.12225187549504,2044.339318148344,4.974350038487841,6.2496341822061865,1.81908606582189,-7.521127949732932,62.496341822061865
1.352000000000001,126.11947592339877,2076.041322713983,5.024710343940162,6.29503818154018,1.758854926604093,-7.528892055779375,62.9503818154018
1.360000000000001,127.10034343958372,2108.2095139067837,5.075439579055863,6.34115438946261,1.7002048251841642,-7.331262999230952,63.4115438946261
1.368000000000001,128.0624278556799,2140.8488764368262,5.126538982207009,6.387425393893308,1.6433658014753838,-7.104878306904649,63.87425393893308
1.376000000000001,129.03121504979225,2173.961730658437,5.178007694428405,6.433589027674479,1.586583658113951,-7.097768670453665,64.33589027674479
1.384000000000001,129.94446479980726,2207.562113643739,5.229853915494401,6.480777633249552,1.5344608402249018,-6.515350947773456,64.80777633249552
1.392000000000001,130.86734542268636,2241.6459040624286,5.2820717595086375,6.527230501779597,1.4822102991258304,-6.531317661321679,65.27230501779597
1.400000000000001,131.79874332580215,2276.22367580524,5.334666642714373,6.574360400716892,1.4299346346435464,-6.534458046595454,65.74360400716893
1.408000000000001,132.68173385666853,2311.29838382996,5.387638112790043,6.621433759458777,1.382206553132827,-5.966011392671404,66.21433759458778
1.416000000000001,133.57537079033943,2346.8772724250007,5.44098894303291,6.668853780358396,1.3343091425831912,-5.987174993172786,66.68853780358396
1.424000000000001,134.46511204710202,2382.9667809987627,5.494721248826548,6.716538224204668,1.2874861145051604,-5.852878717415112,67.16538224204668
1.432000000000001,135.3542635687412,2419.5716889109744,5.548835873771908,6.764328118169954,1.241490025347589,-5.749515481980654,67.64328118169954
1.440000000000001,136.2230699364531,2456.7004222510395,5.6033363202582,6.812555810786549,1.1981443573728043,-5.418205558104831,68.12555810786549
1.448000000000001,137.10665403423926,2494.3598043766424,5.658224848841577,6.861066072922155,1.1543076720704013,-5.479584831391712,68.61066072922155
1.456000000000001,137.97393890708463,2532.5505801777426,5.713499273886873,6.9093031306619626,1.1129008001857061,-5.175859079470388,69.09303130661962
1.464000000000001,138.85638903810056,2571.2879682761795,5.769167856120256,6.958572779172887,1.0709833785324925,-5.239678244392472,69.58572779172887
1.472000000000001,139.72319115614857,2610.571269013672,5.825227325070643,7.007433618798367,1.0315890188761887,-4.9242958422014285,70.07433618798368
1.480000000000001,140.60583537641608,2650.414810263801,5.881685126126036,7.057225131924091,0.9916301910202316,-4.994852411447359,70.5722513192409
1.488000000000001,141.48190876806154,2690.8198854450575,5.938539378513175,7.106781548392393,0.9534076065270042,-4.77782314080134,71.06781548392392
1.496000000000001,142.36484401528088,2731.7973790819783,5.995794941482669,7.156945371186706,0.9155808872637137,-4.728339403515297,71.56945371186706
1.5040000000000011,143.25071297604154,2773.353547382517,6.053453362064949,7.207302572784999,0.8785968432991598,-4.623005483412297,72.07302572785
1.5120000000000011,144.1482832882766,2815.4992924345693,6.111519355590972,7.258249190752917,0.8415409966162039,-4.631980961917494,72.58249190752917
1.5200000000000011,145.0463724517134,2858.237904484928,6.169992331947822,7.309122044606204,0.8056567557521567,-4.485531426962935,73.09122044606204
1.5280000000000011,145.95692267510404,2901.5821637263084,6.228878159948373,7.360728500068825,0.7696592805751344,-4.499683914726128,73.60728500068825
1.5360000000000011,146.87196506665165,2945.5366271854887,6.288177039168257,7.412359902485526,0.7344623536665801,-4.399615232562887,74.12359902485525
1.5440000000000011,147.79852815468374,2990.1126913607595,6.347893746495618,7.464588415920113,0.6993028075068949,-4.394943270570768,74.64588415920113
1.5520000000000012,148.7352067935513,3035.318104935137,6.408030532957402,7.517098307722991,0.6643639322730424,-4.3673594018187964,75.1709830772299
1.5600000000000012,149.68305692349705,3081.1618850339974,6.468590440552352,7.569988449368709,0.6295501000677902,-4.351729024599604,75.6998844936871
1.5680000000000012,150.64283619068433,3127.6530926078913,6.5295764767074544,7.623254519387869,0.594799105616459,-4.343874306403198,76.23254519387869
1.5760000000000012,151.6153884097868,3174.800995607913,6.590991721069109,7.676905545206826,0.5600388218076204,-4.345035476108902,76.76905545206826
1.5840000000000012,152.60156398426125,3222.6150303055724,6.652839298029026,7.730947119989524,0.5251967313031494,-4.355261313085653,77.30947119989524
1.5920000000000012,153.60222465255129,3271.104799010766,6.715122373550514,7.785384440186105,0.49019985531450905,-4.374609498555687,77.85384440186105
1.6000000000000012,154.61824783170943,3320.2800686735636,6.7778441526469635,7.840222387056189,0.4549747397791573,-4.403139441905239,78.40222387056188
1.6080000000000012,155.65053090541477,3370.150769203809,6.841007876748853,7.895465512736187,0.41944745799348215,-4.440910223209317,78.95465512736186
1.6160000000000012,156.69999628188341,3420.726991218436,6.904616820783243,7.951118004298763,0.3835435369117978,-4.487990135210564,79.51118004298763
1.6240000000000012,157.76759513671348,3472.018983709304,6.968674290287349,8.007183688013193,0.34718804294335254,-4.544436746055638,80.07183688013193
1.6320000000000012,158.8543135587245,3524.037150031198,7.033183617564507,8.06366590964479,0.3103054108441055,-4.610329012405894,80.6366590964479
1.6400000000000012,159.96117555940626,3576.7920442380555,7.0981481581735855,8.12056757613481,0.27281963156724626,-4.6857224096074255,81.2056757613481
1.6480000000000012,161.08924870486138,3630.294365695795,7.163571286474051,8.177891037558174,0.23465416008656947,-4.770683935084604,81.77891037558175
1.6560000000000012,162.23964786795415,3684.5549524230446,7.229456390543028,8.235638008622175,0.19573203373500164,-4.8652657939459845,82.35638008622175
1.6640000000000013,163.41354005381305,3739.584773589531,7.295806866753217,8.293809526273652,0.15597588063180376,-4.969519137899811,82.93809526273651
1.6720000000000013,164.6121478796377,3795.394919792243,7.362626113203749,8.352405806316519,0.11530806633758947,-5.083476786776731,83.52405806316519
1.6800000000000013,165.83675396085474,3851.996592233176,7.4299175227243905,8.41142619008018,0.07365074369722342,-5.207165330045757,84.1142619008018
1.6880000000000013,167.08870310445084,3909.4010889696883,7.497684474396433,8.470868959005337,0.0309261049024076,-5.340579849352011,84.70868959005337
1.6960000000000013,168.36940590461919,3967.619789865149,7.565930324611935,8.53073127693787,-0.012943523545555651,-5.483703555995119,85.3073127693787
1.7040000000000013,169.68033940594458,4026.6641385583657,7.634658396718297,8.591009013295276,-0.058035340888415665,-5.63647716785776,85.91009013295276
1.7120000000000013,171.02303772604589,4086.5455971972633,7.703871955296886,8.651694822323668,-0.10442493915544969,-5.798699771717307,86.51694822323668
1.7200000000000013,172.4015883384425,4147.2746107981675,7.773573613010834,8.71270721424346,-0.15239554695188887,-5.996322908984926,87.1270721424346
1.7280000000000013,173.81041127162106,4208.86610097576,7.843768479021159,8.774358251290543,-0.20141681286458435,-6.127661155803168,87.74358251290543
1.7360000000000013,175.2589578171947,4271.3283867322825,7.914457819522552,8.836167562674103,-0.25219522327682914,-6.347299897862383,88.36167562674103
1.7440000000000013,176.74528447018747,4334.673143307138,7.985644760220888,8.898367587292007,-0.30449994527816276,-6.53809172866287,88.98367587292007
1.7520000000000013,178.27417101599767,4398.9136113427485,8.057333235186176,8.961059370661118,-0.35861745134693657,-6.764688303426421,89.61059370661118
1.7600000000000013,179.84394627462336,4464.058609436063,8.129524646361364,9.02392639689864,-0.4143481203059951,-6.966333639079416,90.23926396898639
1.7680000000000013,181.45768270497302,4530.119945070116,8.202222011174156,9.087170601599023,-0.4718376296554299,-7.18618866867506,90.87170601599024
1.7760000000000014,183.11603802539645,4597.107774437853,8.275427382216307,9.150671380268838,-0.5310564992568635,-7.402358339037501,91.50671380268838
1.7840000000000014,184.8234409454749,4665.034058565726,8.349143748989432,9.214545846640624,-0.5922230653436493,-7.645821103684853,92.14545846640624
1.7920000000000014,186.5680515586097,4733.902665638573,8.423369678190944,9.278241150188942,-0.6545045107485156,-7.785180467448053,92.78241150188941
1.8000000000000014,188.39880258201433,4803.745257029522,8.49811864013207,9.343620242640725,-0.7208625559589906,-8.29475589999786,93.43620242640725
1.8080000000000014,190.2665971566668,4874.547641180141,8.573379458172067,9.407602254999595,-0.7881992020450058,-8.41708074853593,94.07602254999595
1.8160000000000014,192.17373224697738,4946.321810329262,8.649155005230003,9.471943382242195,-0.8566132388933378,-8.551754574757085,94.71943382242195
1.8240000000000014,194.13031335757333,5019.0813715076,8.725448942697321,9.536742183414782,-0.9266448954516864,-8.75391668555783,95.36742183414782
1.8320000000000014,196.17887566246824,5092.847241836941,8.802268664295015,9.602465199711778,-1.0005664689241516,-9.240231777559597,96.02465199711779
1.8400000000000014,198.28544032304305,5167.616867004365,8.879609274671413,9.667576297049832,-1.076398918576474,-9.479053518670906,96.67576297049833
1.8480000000000014,200.4392014626022,5243.394878351754,8.95746966837573,9.732549213039542,-1.1535193418050795,-9.640060089484303,97.32549213039542
1.8560000000000014,202.63750443136144,5320.191729569077,9.03585173327189,9.797758112020018,-1.231750991847309,-9.77895597810227,97.97758112020018
1.8640000000000014,204.87810694682784,5398.017388316096,9.114757073393847,9.863167515244475,-1.3109452834029147,-9.899286184188552,98.63167515244476
1.8720000000000014,207.19521000167018,5476.874843300665,9.194183746487749,9.928334136737702,-1.3927619678631533,-10.227084748904428,99.28334136737702
1.8800000000000014,209.5984925405747,5556.809619754577,9.274151128064945,9.995922697149624,-1.4775389360249929,-10.597115000886653,99.95922697149624
1.8880000000000015,212.05466594659273,5637.7867251690395,9.354638198039924,10.06088374687225,-1.5636443585051931,-10.76318050057985,100.6088374687225
1.8960000000000015,214.60836835726917,5719.833713610204,9.435655227578739,10.127128692351798,-1.6530478690448336,-11.17541538163183,101.27128692351798
1.9040000000000015,217.18589497574732,5802.953844476768,9.517200371329457,10.19314296883967,-1.7423748480780723,-11.165916474133006,101.93142968839669
1.9120000000000015,219.79154591377775,5887.174911206351,9.599283776097819,10.260425596045195,-1.8317918835927984,-11.177133949406457,102.60425596045195
1.9200000000000015,222.57135040363676,5972.48919158678,9.681898196330817,10.326802529124732,-1.9275843013636564,-11.974054318979043,103.26802529124733
1.9280000000000015,225.33423321557157,6058.921269044673,9.765052066936047,10.394233825653828,-2.021521288008175,-11.742123508192307,103.94233825653828
1.9360000000000015,228.11650762564855,6146.495553259196,9.84875357670237,10.46268872079037,-2.1151058427877376,-11.698069338598804,104.62688720790369
1.9440000000000015,230.94191303622853,6235.225692709525,9.933005645852191,10.531508643727712,-2.2093284790266314,-11.777829533526806,105.31508643727712
1.9520000000000015,233.80237631303697,6325.130887403251,10.017813756168941,10.601013789593766,-2.3038207192842415,-11.811529700847641,106.01013789593766
1.9600000000000015,236.66955626733284,6416.236231346001,10.103186043917484,10.67153596856781,-2.3973537278124315,-11.691626970797621,106.7153596856781
1.9680000000000015,239.63873190012282,6508.552818838913,10.189123969185859,10.742240658546995,-2.4939231347878805,-12.07117723633199,107.42240658546996
1.9760000000000015,242.60278408517215,6602.115002796358,10.275639717559178,10.814468546665,-2.589006103348128,-11.885372058800066,108.14468546664999
1.9840000000000015,245.5752784720311,6696.9525263546075,10.362743115223449,10.887924708033777,-2.6831308742083015,-11.76559636182191,108.87924708033778
1.9920000000000015,248.55371948661613,6793.092428165542,10.450442557324722,10.962430262659286,-2.776155247275302,-11.6280463517541,109.62430262659285
2.0000000000000013,251.54485987118255,6890.558248732629,10.538744684396312,11.037765883948586,-2.868335164284956,-11.522490452344904,110.37765883948586
2.0080000000000013,254.54218508860419,6989.38228665804,10.627659941996079,11.114407199970831,-2.959349220630335,-11.376761451247338,111.1440719997083
2.0160000000000013,257.54631439727575,7089.585457571339,10.717193475786855,11.191691723846935,-3.049187235094381,-11.229711534594903,111.91691723846935
2.0240000000000014,260.5698214768845,7191.202732945979,10.807356561525816,11.270385717370083,-3.1383679190529543,-11.14757739105215,112.70385717370083
2.0320000000000014,263.5726326035795,7294.258975184857,10.898155787178409,11.349903206573972,3.0577637597180596,-10.881698822629666,113.49903206573971
2.0400000000000014,266.5709577426852,7398.783663444882,10.989599622732271,11.430479444232919,2.9721488003096206,-10.701860291745787,114.30479444232918
2.0480000000000014,269.55431551472077,7504.8061780093885,11.08169631738067,11.512086831049926,2.8885327828206684,-10.451983706011823,115.12086831049926
2.0560000000000014,272.53862475364105,7612.349287447978,11.174451094913081,11.594347191551453,2.806219706703615,-10.289146794166227,115.94347191551452
2.0640000000000014,275.55136511813356,7721.423237477671,11.267863706494042,11.676576447620102,2.7239069974573176,-10.289105217924646,116.76576447620101
2.0720000000000014,278.3452156184218,7832.183728129159,11.361995737451199,11.766503869644533,2.654793304478907,-8.639318526035582,117.66503869644532
2.0800000000000014,281.1968243466139,7944.514403896052,11.45679264700711,11.849613694488738,2.584093470506117,-8.837539787439093,118.49613694488738
2.0880000000000014,284.04678014709253,8058.458234410566,11.552267808390377,11.934395172908514,2.5152592952807438,-8.60425860126365,119.34395172908515
2.0960000000000014,286.9243185255997,8174.032986117461,11.6484238281528,12.01950247030301,2.4466495398715713,-8.576245450576923,120.1950247030301
2.1040000000000014,289.8278434349869,8291.264774823685,11.745266706551256,12.105359799806843,2.37839433627857,-8.531871316643116,121.05359799806843
2.1120000000000014,292.750158287882,8410.181582886991,11.842803082560746,12.192047001186165,2.3109610006328243,-8.429164901341053,121.92047001186165
2.1200000000000014,295.6870296032568,8530.810531273417,11.941039103810153,12.279502656175906,2.24465462027187,-8.28829534318061,122.79502656175906
2.1280000000000014,298.6045626694247,8653.189452031955,12.039985117679754,12.368251733700003,2.181664050258391,-7.8738226205999,123.68251733700004
2.1360000000000015,301.54376450680974,8777.327471992086,12.139639729197789,12.456826439754389,2.119508384939313,-7.769461768644177,124.56826439754389
2.1440000000000015,304.5181320183739,8903.232527482363,12.240001098455199,12.545171157176176,2.0573528552324305,-7.769446049851489,125.45171157176176
2.1520000000000015,307.3064752599864,9031.046088508658,12.3411202602501,12.639895224362725,2.0117982482384402,-5.694328094615958,126.39895224362725
2.1600000000000015,310.1380433990207,9160.659185517894,12.442948781602121,12.728565169002538,1.9656756199118144,-5.765309279947768,127.28565169002538
2.1680000000000015,313.00713016382736,9292.117519876469,12.545499582421451,12.818850102416322,1.9195534125710223,-5.7652998687283175,128.18850102416323
2.1760000000000015,315.9528824467218,9425.412370924552,12.648764233119774,12.908081337290401,1.8701653854553557,-6.173468745988092,129.080813372904
2.1840000000000015,318.9539462325789,9560.609230301123,12.752763025180672,12.99984900761212,1.8194466886833656,-6.339838166865863,129.9984900761212
2.1920000000000015,321.9882836748141,9697.739418258307,12.85750277425701,13.092468634542485,1.7692094985792357,-6.279646924233342,130.92468634542485
2.2000000000000015,325.0060949321992,9836.825289955512,12.962986752830899,13.185497321735948,1.723701629659094,-5.688487908879794,131.8549732173595
2.2080000000000015,328.02901677450103,9977.895611600923,13.069220578572198,13.279228217662462,1.681448639590852,-5.281622115601843,132.7922821766246
2.2160000000000015,331.08237666721675,10120.965131101244,13.176204509889129,13.372991414616292,1.6402425980145043,-5.150759764083604,133.7299141461629
2.2240000000000015,334.17642541852126,10266.05852372406,13.283942485597906,13.467246963597276,1.5991620895416956,-5.1350662883010525,134.67246963597276
2.2320000000000015,337.3123506416451,10413.206156601444,13.392440460833349,13.562246904430364,1.558158060721217,-5.125504243934728,135.62246904430364
2.2400000000000015,340.348076056936,10562.44720551844,13.501707491146064,13.658378789089348,1.5351637220699175,-2.8742882484344907,136.58378789089346
2.2480000000000016,343.4276442371589,10713.77886261384,13.61173718062864,13.753711185321984,1.512234031153488,-2.8662188191287337,137.53711185321984
2.2560000000000016,346.56027111456245,10867.240673815753,13.722538556505265,13.85017198457808,1.487930545860297,-3.0379423840767785,138.5017198457808
2.2640000000000016,349.7390448806456,11022.86107399797,13.83411647553308,13.947239878476704,1.463539400362456,-3.049015299665713,139.47239878476705
2.2720000000000016,352.96582936617307,11180.674418665058,13.946477801501434,14.045165746044363,1.4388749543896742,-3.083305961938991,140.45165746044364
2.2800000000000016,356.2398716261729,11340.73445827632,14.059636111708421,14.14478877587352,1.4142114733499254,-3.0833214721932034,141.4478877587352
2.2880000000000016,359.5618868392307,11503.073009406115,14.173597000132405,14.245111052997894,1.389548952675935,-3.0833446946351026,142.45111052997893
2.2960000000000016,362.9697884322708,11667.575359232724,14.288314862674072,14.339732817708313,1.3592324861742497,-3.7889717972512003,143.39732817708312
2.3040000000000016,366.4221206060027,11834.480700270848,14.40386756616062,14.444087935818416,1.3296483893519566,-3.6973611827945265,144.44087935818416
2.3120000000000016,369.9273830617919,12003.735167527302,14.520230607460324,14.545380162462854,1.2996474820320412,-3.7501389883177385,145.45380162462854
2.3200000000000016,373.4390638656823,12175.354302469703,14.637403687966863,14.646635063317435,1.2762501709412941,-2.924684698384743,146.46635063317436
2.3280000000000016,376.98493209817843,12349.367941777575,14.75539136166471,14.748459212230912,1.2559837557231583,-2.5332608426006114,147.48459212230912
2.3360000000000016,380.5829687722157,12525.838861277356,14.874209178342102,14.85222708467409,1.2357518337858426,-2.529180421431142,148.5222708467409
2.3440000000000016,384.24271896882505,12704.757904875703,14.993848316954296,14.954892326524234,1.2137966485308933,-2.744299623295243,149.54892326524234
2.3520000000000016,387.95652348884374,12886.224394178682,15.114336155113332,15.060979769879596,1.1918540733027285,-2.743862210789703,150.60979769879597
2.3600000000000017,391.71827697130203,13070.272709862942,15.23567809038198,15.167741908581009,1.171204674686802,-2.5809268564236207,151.6774190858101
2.3680000000000017,395.5494792083229,13256.8850784317,15.357862334396911,15.273030501866563,1.1479425123980658,-2.9074235024508406,152.73030501866563
2.3760000000000017,399.4430926955118,13446.126054338234,15.480904108085861,15.38022171111871,1.1236367661907272,-3.0380115913790746,153.8022171111871
2.3840000000000017,403.3322471969538,13637.864980687524,15.604755285342854,15.481397157124182,1.1339933616779385,1.2947301973286345,154.8139715712418
2.3920000000000017,407.2676423914267,13832.333299767735,15.729484854918063,15.591196196901144,1.136875741200619,0.3603057129979976,155.91196196901143
2.4000000000000017,411.2625133484079,14029.569952236361,15.855099074644533,15.701777465808815,1.139758786132977,0.36032940416458975,157.01777465808814
2.4080000000000017,415.3177343500326,14229.614338293457,15.981604216376274,15.813142716467526,1.1426423083215473,0.36033020697324913,158.13142716467527
2.4160000000000017,419.8473583029841,14432.693523900902,16.109065327498826,15.932638890318989,1.085133460731118,-7.188498574557242,159.3263889031899
2.4240000000000017,424.1493045017578,14638.594396223962,16.237408889027424,16.042945191074647,1.053543926043675,-3.9501623016423557,160.42945191074648
2.4320000000000017,428.5184694868505,14847.424028965008,16.366662015176402,16.15664076862226,1.0213390426942803,-4.024651941613446,161.5664076862226
2.4400000000000017,432.9510368318784,15059.226445515282,16.496831878524343,16.271232918492725,0.9891476669305064,-4.024179705897286,162.71232918492726
2.4480000000000017,437.4478027077499,15273.90779063024,16.6278834241436,16.381443202407304,0.956833229271572,-4.042525954733022,163.81443202407303
2.4560000000000017,442.0247195494166,15491.6852635726,16.759876597585976,16.499146680296914,0.9227826092479043,-4.260020272269864,164.99146680296914
2.4640000000000017,446.67295907572134,15712.550127853985,16.892802099813768,16.615687778473983,0.8881261679168126,-4.335127398676164,166.15687778473983
2.4720000000000018,451.4220253590196,15936.509729903977,17.026655632318516,16.73169156309337,0.8497492238513757,-4.801531743599525,167.3169156309337
2.4800000000000018,456.239321239891,16163.657827507544,17.16145862860675,16.85037453602914,0.8113827103916886,-4.801339286112365,168.5037453602914
2.4880000000000018,461.1258756233904,16394.03944666221,17.29721771497806,16.96988579641396,0.7730280640843068,-4.801141627454748,169.6988579641396
2.4960000000000018,466.08273711617335,16627.70060896087,17.433939669995873,17.090244377226565,0.7346868669049158,-4.800959957663176,170.90244377226566
2.504000000000002,471.1109708169537,16864.687985762175,17.571631318777143,17.211456097658726,0.6963609191933484,-4.8008172078408275,172.11456097658726
2.512000000000002,476.2116586748387,17105.048910124868,17.71029953412953,17.33352691904814,0.6580523443789508,-4.800737891796762,173.3352691904814
2.520000000000002,481.38589411138975,17348.831388808303,17.84995123764465,17.456462939389887,0.6197643324512967,-4.800673306997043,174.56462939389888
2.528000000000002,486.634784840516,17596.0841110255,17.990593399805846,17.580270270149306,0.5815010899901711,-4.80060870874557,175.80270270149305
2.536000000000002,491.9594542170803,17846.856457785798,18.13223304023473,17.704955053610707,0.5432680458460908,-4.800544075950871,177.04955053610706
2.544000000000002,497.36104125611064,18101.198511832015,18.2748772280718,17.8305234796338,0.5050723487611792,-4.800476699499834,178.305234796338
2.552000000000002,502.8407005347508,18359.161067641064,18.41853308233721,17.95698178317589,0.46692361129639615,-4.800399619278765,179.5698178317589
2.560000000000002,508.3996020983923,18620.795641476987,18.56320777226905,18.084336241479853,0.4288350271627097,-4.800301645036031,180.84336241479855
2.568000000000002,514.038931477982,18886.15448148448,18.70890851763639,18.212593170917877,0.3908251007326493,-4.8001687739817065,182.12593170917876
2.576000000000002,519.7598887249455,19155.290577817635,18.855642589026278,18.341758923735984,0.3529205619256883,-4.79997136302544,183.41758923735983
2.584000000000002,525.5636922425327,19428.257668247184,19.00341730687194,18.47183973070733,0.3151607504756866,-4.799727182215598,184.7183973070733
2.592000000000002,531.4515772391328,19705.110252453946,19.152240042824953,18.602841994126916,0.2776063495738841,-4.799430213394205,186.02841994126916
2.600000000000002,537.4247955590605,19985.90360329945,19.302118220247955,18.734772177875094,0.2403557102508831,-4.7990689490990475,187.34772177875095
2.608000000000002,543.4846159311061,20270.693777769302,19.45305931457812,18.86763679127073,0.2035782072222858,-4.798631850375246,188.6763679127073
2.616000000000002,549.6323242609485,20559.53762808114,19.605070853695867,19.00144238971867,0.1675890046108819,-4.798107865357407,190.0144238971867
2.624000000000002,555.869223948111,20852.492812945715,19.758160418295045,19.136195574897336,0.1330335114185477,-4.797486715390813,191.36195574897334
2.632000000000002,562.1966362540511,21149.617808979652,19.912335642253744,19.271902994837358,0.10139302763294022,-4.796759523290291,192.7190299483736
2.640000000000002,568.6159007046604,21450.971922266483,20.067604213004383,19.40857134382998,0.07638477491461426,-4.795919227217451,194.0857134382998
2.648000000000002,575.12837550583,21756.615300065954,20.22397387190264,19.54620736228226,0.06603223099862898,-4.794960737059062,195.4620736228226
2.656000000000002,581.735437959907,22066.608942674935,20.381452414595664,19.684817836627936,-0.07652803357017657,-4.793880936157499,196.84817836627934
2.664000000000002,588.4384849065938,22381.01471544558,20.540047691390566,19.824409599362838,-0.1015974648273108,-4.792678912996095,198.24409599362838
2.672000000000002,595.2389331808921,22699.895360968145,20.699767607624594,19.964989529253522,-0.1332496578059601,-4.7913560609828485,199.64989529253523
2.680000000000002,602.1382199580677,23023.31451142566,20.860620124038235,20.106564551705326,-0.1677963995873455,-4.789914559144877,201.06564551705327
2.688000000000002,609.1378030387897,23351.336701125514,21.02261325715192,20.249141639210805,-0.20376751306310403,-4.788356566325496,202.49141639210805
2.696000000000002,616.2831595729792,23682.84216257896,21.185464222504528,20.356370669075773,-0.23225219675396058,-5.468994839178882,203.56370669075773
2.704000000000002,623.5220814423787,24019.074092593888,21.34947201012815,20.50097345295246,-0.27600650586637965,-5.357162164220245,205.00973452952462
2.712000000000002,630.8549083587949,24360.09117077838,21.514642728643143,20.646339814374258,-0.3289344616616896,-5.229145934105569,206.46339814374258
2.720000000000002,638.4731030882652,24705.85744925153,21.680959601743414,20.78960913753392,-0.3782789386565586,-7.061118104414961,207.89609137533918
2.728000000000002,646.1971789871955,25056.54531088788,21.848455956721388,20.93704437224691,-0.43055515096553343,-7.043383767055977,209.37044372246908
2.736000000000002,654.0282623968994,25412.224055055776,22.017139979478234,21.085502844605617,-0.48480134339357583,-7.021218611083773,210.85502844605617
2.744000000000002,661.9675113921178,25772.964720840657,22.18702009386126,21.235014297878433,-0.5404081016824565,-6.994597244260774,212.35014297878433
2.752000000000002,670.0161098232203,26138.839352895695,22.358104782142835,21.385586035196607,-0.5969767994551631,-6.9634964687751975,213.85586035196607
2.760000000000002,678.1752698244386,26509.921021259124,22.530402586740205,21.537225574671513,-0.6542374420421071,-6.927903531866159,215.37225574671513
2.768000000000002,686.3752595786339,26886.475653457896,22.70396632309058,21.695467043796636,-0.7056236057813923,-6.191723310425878,216.95467043796637
2.776000000000002,694.6923392658963,27268.387722608742,22.8787603891571,21.849258258315277,-0.7574020023634525,-6.1833275614027245,218.49258258315277
2.784000000000002,703.1280825066613,27655.734606475024,23.05479376868866,22.004172441445085,-0.8094991644638139,-6.172964899360378,220.04172441445087
2.792000000000002,711.6877035407845,28047.285459432656,23.231779836605348,22.123258489586018,-0.8603078779879088,-6.329165746520568,221.23258489586019
2.800000000000002,720.3688778204651,28444.417189133786,23.41002275617325,22.280364945988033,-0.9110573293727455,-6.314501716818441,222.80364945988032
2.808000000000002,729.1731709875475,28847.19961582591,23.58952928567948,22.438316188278396,-0.9617402319053445,-6.298235969423691,224.38316188278395
2.816000000000002,738.1022668873043,29255.713001287393,23.77030835204757,22.59738329601141,-1.0123500406159387,-6.280353802659992,225.97383296011412
2.824000000000002,747.1578738749182,29670.038665007254,23.952368927399814,22.757571919030067,-1.062880783786512,-6.260838682405431,227.57571919030067
2.832000000000002,756.3417266092557,30090.259066903345,24.135720044526728,22.918889640864272,-1.113326908693704,-6.239680324237626,229.18889640864273
2.840000000000002,765.655587188725,30516.457822647622,24.320370797191163,23.0813440830543,-1.1636831773130245,-6.216874898474435,230.81344083054302
2.848000000000002,775.1012463080096,30948.719719667755,24.506330340537588,23.24494291830305,-1.2139445972183518,-6.192425243049039,232.4494291830305
2.856000000000002,784.6805244085465,31387.130733341513,24.693607891498456,23.409693870108505,-1.2641063754634407,-6.166340879918219,234.09693870108504
2.864000000000002,794.3952728035744,31831.778043390328,24.88221272919862,23.575604712520473,-1.314163886600455,-6.13863786157167,235.75604712520473
2.872000000000002,804.2473747625744,32282.75005047469,25.072154195357932,23.742683269913993,-1.3641126486927728,-6.109338483454803,237.42683269913994
2.880000000000002,814.2387465433117,32740.13639299286,25.263441694691927,23.910937416749533,-1.413948303310856,-6.078470891507653,239.10937416749533
2.888000000000002,824.3713383612742,33204.02796408255,25.456084695310103,24.080375077272166,-1.4636665970964131,-6.046068595455047,240.80375077272166
2.896000000000002,834.6471352854184,33674.51692882252,25.650092729110764,24.25100422508249,-1.5132633636313209,-6.012169872297115,242.51004225082488
2.904000000000002,845.0681578132801,34151.696741627195,25.845475392170652,24.42283288248595,-1.5627344933799927,-5.976814589125588,244.2283288248595
2.912000000000002,855.6364627485801,34635.6621638186,26.04224234512595,24.595869119412164,-1.6120759259696094,-5.9400474762325235,245.95869119412163
2.920000000000002,866.3541438235801,35126.50928135804,26.24040331354091,24.770121051870174,-1.6612836379662177,-5.901915626949417,247.70121051870174
2.928000000000002,877.2233321938767,35624.3355227113,26.439968088258944,24.945596839754483,-1.7103536384938929,-5.862467272287791,249.45596839754484
2.936000000000002,888.246197011877,36129.23967681997,26.64094652573096,25.122304684002096,-1.7592819868226037,-5.821752718743522,251.22304684002097
2.944000000000002,899.4249464619539,36641.321911168096,26.843348548319298,25.30025282354227,-1.8080648561866806,-5.779829453688308,253.0025282354227
2.952000000000002,910.7618293640649,37160.68378997138,27.047184144583206,25.479449532988347,-1.8566986293288839,-5.736768629517205,254.7944953298835
2.960000000000002,922.0497768919005,37684.16366911533,27.2518262476107,25.580262878436947,-1.8838028988405924,-3.2299914640549026,255.80262878436946
2.968000000000002,933.5047623445656,38215.10777531429,27.457922168230002,25.76199007741243,-1.9132642365133616,-3.2549929338096706,257.6199007741243
2.976000000000002,945.1284859206189,38753.59840364517,27.665477583159294,25.944426866161503,-1.9449372590824447,-3.2696682931143117,259.444268661615
2.984000000000002,956.922898772646,39299.742555121135,27.8745027780954,26.128149367013208,-1.9786751965086324,-3.2738901171404513,261.2814936701321
2.992000000000002,968.8899748790442,39853.648535901244,28.08500807128873,26.313161649165906,-2.0143316734018377,-3.267541410574176,263.1316164916591
3.000000000000002,981.0317200929928,40415.42614384607,28.297003846330558,26.499471880228647,-2.051762112179614,-3.2505364739276295,264.99471880228646
3.0080000000000022,993.3501801084444,40985.18668718319,28.510500552316785,26.6870882482784,-2.0908248352645202,-3.222829893839979,266.870882482784
3.0160000000000022,1005.8474482184399,41563.04300472418,28.72550870426289,26.87601899326312,-2.13138192373716,-3.1844116567546834,268.7601899326312
3.0240000000000022,1018.5256732730032,42149.10948645558,28.942038883541695,27.066272409850704,-2.173299912344026,-3.135312171178275,270.66272409850706
3.0320000000000022,1031.3870671526424,42743.50209454452,29.160101738349926,27.25785685102877,-2.216450178574891,-3.0755958867680175,272.5785685102877
3.0400000000000023,1044.4339118094724,43346.33838481195,29.379707984211453,27.450780732691086,-2.2607083740178755,-3.0053578288725293,274.5078073269109
3.0480000000000023,1057.6685637580454,43957.737528727,29.600868404524864,27.645052539176227,-2.305950438015399,-2.9246787777828063,276.45052539176226
3.0560000000000023,1071.0934652794792,44577.82033637816,29.823593851234694,27.840680838728666,-2.352058943368181,-2.833769422305527,278.4068083872867
3.0640000000000023,1084.711147436012,45206.70927880042,30.047895245331524,28.03767426210365,-2.398922093640918,-2.73281094351504,280.3767426210365
3.0720000000000023,1098.5242352030887,45844.528510463315,30.27378357732995,28.236041499803303,-2.446434996019289,-2.622005917083028,282.36041499803304
3.0800000000000023,1112.5354525015066,46491.40389155391,30.501269907660472,28.435791291315347,-2.49449762682582,-2.5015898042624287,284.3579129131535
3.0880000000000023,1126.7476268068883,47147.463010565945,30.7303653670676,28.63693242589091,-2.543014359928123,-2.3718372160446792,286.3693242589091
3.0960000000000023,1141.1636917672645,47812.8352058545,30.961081156781013,28.839473714176748,-2.59188844972773,-2.233034662453151,288.39473714176745
3.1040000000000023,1155.7866902046644,48487.65158801884,31.1934285487895,29.04342400106129,-2.641024225697163,-2.085505545526965,290.4342400106129
3.1120000000000023,1170.6197763896369,49172.0450629017,31.427418886176817,29.248792173414248,-2.690328012905808,-1.92961313576928,292.4879217341425
3.1200000000000023,1185.8125139225442,49863.927009669904,31.662685874386927,29.40837352626387,-2.6596701595031744,4.963893231699655,294.0837352626387
3.1280000000000023,1201.0588662937378,50568.09242107301,31.900032104422813,29.66827875448594,-2.645916122350984,0.9870976423768193,296.68278754485937
3.1360000000000023,1216.5260635708405,51282.231202581206,32.139053238468854,29.877641755755164,-2.632312055350826,0.9372155198812999,298.77641755755167
3.1440000000000023,1232.2175192157351,52006.5016159231,32.379763921795025,30.088835415771293,-2.618865606483156,0.8867751904905836,300.8883541577129
3.1520000000000024,1248.1365171937164,52741.046301591065,32.62217591583294,30.3014992547391,-2.6055850581678,0.8357363123664474,303.014992547391
3.1600000000000024,1264.286391323896,53486.01000453574,32.86630108093391,30.515645637620793,-2.5924781926732536,0.7841859916641425,305.1564563762079
3.1680000000000024,1280.6705240913045,54241.5394752213,33.11215135580633,30.731284359052687,-2.5795524608786256,0.7321879955770334,307.3128435905269
3.1760000000000024,1297.292346737881,55007.78349802638,33.359738758200734,30.948425299299938,-2.5668152734370056,0.6797732359852815,309.48425299299936
3.1840000000000024,1314.1553398370022,55784.89291921894,33.60907538546477,31.16707840800448,-2.5542739863374964,0.62697451010876,311.67078408004477
3.1920000000000024,1331.2630338676856,56573.0206754251,33.86017341511951,31.387253706842447,-2.541935889008753,0.5738264650108293,313.8725370684245
3.2000000000000024,1348.6190097875437,57372.32182258222,34.1130451054539,31.608961291798355,-2.5298081895710736,0.5203654418805994,316.0896129179836
3.2080000000000024,1366.2268995943737,58182.953565361684,34.36770279613368,31.832211334972186,-2.5178979936864065,0.46662789181568254,318.32211334972186
3.2160000000000024,1384.0903868785604,59005.07528703787,34.62415890881984,32.057014085769644,-2.506212279215106,0.4126479085343736,320.57014085769646
3.2240000000000024,1402.213207573221,59838.848580450125,34.882425947895634,32.28337988447489,-2.4947611108837355,0.35846486087613916,322.8337988447489
3.2320000000000024,1420.5991502967477,60684.437277383426,35.14251650088567,32.51131912375486,-2.483550869549708,0.30410251155037377,325.11319123754856
3.2400000000000024,1439.2520570552165,61542.00748030475,35.40444323918038,32.74084228683881,-2.472587664010981,0.24960032928900494,327.40842286838813
3.2480000000000024,1458.1594807448948,62410.04376592868,35.66796345254155,32.94002667014588,-2.4677818723007814,-0.2983956413253623,329.4002667014588
3.2560000000000024,1477.3417971315985,63290.38941522625,35.93334553924637,33.17276083810262,-2.462955026849929,-0.293287587236135,331.7276083810262
3.2640000000000025,1496.8028314209396,64183.20578609909,36.200600678897274,33.40689245636364,-2.458109562217499,-0.2881500368668019,334.0689245636364
3.2720000000000025,1516.5465839613832,65088.66862419633,36.46974195601355,33.6426596395344,-2.4532451689056907,-0.28289527554127586,336.426596395344
3.2800000000000025,1536.5771108805834,66006.95604477906,36.74078253165974,33.880071955773815,-2.4483629152637585,-0.2775016541741057,338.80071955773815
3.2880000000000025,1556.8985257507127,66938.2486541163,37.01373565720876,34.119140693627514,-2.4434629781254817,-0.2719530610477423,341.19140693627514
3.2960000000000025,1577.5150004827005,67882.72958348438,37.288614674868256,34.35987720743633,-2.4385461942699,-0.266247771814758,343.5987720743633
3.3040000000000025,1598.4307662326555,68840.5845246396,37.56543301835802,34.60229293622063,-2.433614020829291,-0.2603982358475738,346.0229293622063
3.3120000000000025,1619.6501142738787,69812.00176548351,37.844204213547755,34.846399398716656,-2.4286682483830657,-0.25442499993404577,348.46399398716653
3.3200000000000025,1641.1773968436084,70797.17222591744,38.124941879055456,35.09220818846278,-2.4237107723907965,-0.24835153360565415,350.9220818846278
3.3280000000000025,1663.017027981974,71796.28949394899,38.4076597268163,35.33973097010544,-2.4187434774467604,-0.24220147745711657,353.39730970105444
3.3360000000000025,1685.1734843738966,72809.54986215383,38.692371562636986,35.58897947758597,-2.4137681928189694,-0.23599725519538944,355.88979477585974
3.3440000000000025,1707.6326721827452,73834.77796379574,38.97875984474949,35.798535264063375,-2.400910049766561,0.8690575078510419,357.9853526406338
3.3520000000000025,1730.4172655134685,74874.53262406652,39.26716992228088,36.05125969142369,-2.388194539771215,0.8756335631162169,360.5125969142369
3.3600000000000025,1753.531763857743,75929.00050278027,39.55761342848665,36.305438275721045,-2.3756207759647245,0.882660984374369,363.0543827572104
3.3680000000000025,1776.980900564845,76998.38792205513,39.85010444295032,36.56137680795917,-2.3631875906581703,0.8901317832058409,365.6137680795917
3.3760000000000026,1800.769474326357,78082.9039297649,40.14465712179874,36.819084856052605,-2.350893075478831,0.8980628445153798,368.19084856052604
3.3840000000000026,1824.902350640629,79182.76045895409,40.441285715051535,37.07857415659989,-2.33873518552928,0.9064244276505851,370.78574156599893
3.3920000000000026,1849.3844623351756,80298.17236629885,40.740004567130846,37.33985650991394,-2.3267122600787054,0.9151587656393848,373.39856509913943
3.4000000000000026,1874.2208109923108,81429.35747187951,41.04082811748297,37.602943794014784,-2.314822488099474,0.9242426336531245,376.02943794014783
3.4080000000000026,1899.4164678658992,82576.53659942352,41.34377090119553,37.86784796407112,-2.303063922295827,0.9336509025473081,378.6784796407112
3.4160000000000026,1924.976574812988,83739.93361704957,41.648847549613734,38.13458105227541,-2.2914344928360215,0.9433568294140751,381.34581052275405
3.4240000000000026,1950.9063452395192,84919.77547853439,41.956072790957585,38.40315516798094,-2.2799320240518837,0.9533322537001027,384.0315516798094
3.4320000000000026,1977.2110650590134,86116.2922651199,42.26546145094182,38.67358249802967,-2.268554260281671,0.9635476698107731,386.7358249802967
3.4400000000000026,2003.8960936273377,87329.71722787587,42.57702845339952,38.945875307212695,-2.2572989219368287,0.9739698409135329,389.45875307212697
3.4480000000000026,2030.9668647892197,88560.28683062777,42.89078882090975,39.22004593877829,-2.246163776605515,0.9845681307870666,392.2004593877829
3.4560000000000026,2058.4288878487723,89808.2407934645,43.206757675430154,39.49610681505106,-2.235146813076917,0.9953083938208251,394.9610681505106
3.4640000000000026,2086.2877485763934,91073.8221368352,43.5249502389348,39.77407043808028,-2.2242465481142055,1.0061539299153142,397.7407043808028
3.4720000000000026,2114.5491102605947,92357.27722624858,43.845381834057804,40.053949390375244,-2.2134625172327755,1.0170665016993878,400.53949390375243
3.4800000000000026,2143.218714833238,93658.85581759339,44.168067884744204,40.335756335799644,-2.2027958484669847,1.0280088414232724,403.35756335799647
3.4880000000000027,2172.302384056117,94978.81110309491,44.49302391690875,40.61950402056758,-2.192249008291622,1.0389480246669005,406.1950402056758
3.4960000000000027,2201.8060207053572,96317.39975789638,44.820265559100136,40.90520527392368,-2.1818247925517005,1.0498563899762363,409.0520527392368
3.5040000000000027,2231.7356096034514,97674.88198722828,45.14980854316527,41.19287300814152,-2.171525631802819,1.060702853211213,411.9287300814152
3.5120000000000027,2262.0972184259676,99051.52157416394,45.48166870491244,41.48252021839544,-2.1613519095122093,1.0714424318514553,414.82520218395445
3.5200000000000027,2292.8177930233724,100440.73579556674,45.81504107586154,41.671546368637415,-2.1229260904128084,-0.17100863684895273,416.71546368637416
3.5280000000000027,2323.9805199145135,101849.59573242864,46.15076238133522,41.96516318420998,-2.0852054989745827,-0.15808214271327392,419.6516318420998
3.5360000000000027,2355.5912393214,103278.32466418725,46.48884271874142,42.260042175774785,-2.048239123012177,-0.1448458822201557,422.6004217577479
3.5440000000000027,2387.6563628128474,104727.19792295832,46.82929809129659,42.556921569397325,-2.012078970337222,-0.1313067428890844,425.56921569397326
3.5520000000000027,2420.1823866651944,106196.49416138495,47.17214455704202,42.85580821817845,-1.9767796028150801,-0.11748958032147705,428.5580821817845
3.5600000000000027,2453.175896425315,107686.49574525977,47.517398270577424,43.15671419192538,-1.942397322873715,-0.10341376570259042,431.5671419192538
3.5680000000000027,2486.643568027707,109197.48879915725,47.865075483393845,43.45965160205311,-1.9089902456942394,-0.08909622894937508,434.59651602053106
3.5760000000000027,2520.5921689631646,110729.76325515837,48.21519254450354,43.76463263871181,-1.8766183534577001,-0.07455456219788603,437.6463263871181
3.5840000000000027,2555.0285594644856,112283.61290220787,48.56776590107485,44.0716695714138,-1.8453434403901259,-0.059806509887848414,440.716695714138
3.5920000000000027,2589.9596937057545,113859.3354361275,48.92281209907389,44.38077474987939,-1.8152289565775055,-0.04486549914702875,443.8077474987939
3.6000000000000028,2625.39262103111,115457.2325102722,49.280347783910486,44.69196060457477,-1.7863398278882157,-0.02975407057606594,446.9196060457477
3.6080000000000028,2661.3344871877507,117077.60978686313,49.64038970109135,45.00523964760851,-1.758742173064923,-0.014495994389551292,450.0523964760851
3.6160000000000028,2697.792535574466,118720.77698900737,50.00295469688044,45.320624473635505,-1.7325029464516764,0.0008839503419699746,453.2062447363551
3.6240000000000028,2734.7741085061493,120387.04795341431,50.36805971896662,45.638127760773294,-1.7076895041525306,0.01636018892036306,456.38127760773295
3.632000000000003,2772.2866484947835,122076.74068381975,50.73572181713889,45.957762271533625,-1.6843690921797547,0.03190654631321754,459.57762271533625
3.640000000000003,2810.3376995504923,123790.17740512741,51.10595814396895,46.279540853757155,-1.662608489226992,0.04749239387110116,462.7954085375716
3.648000000000003,2848.934908495452,125527.68461832349,51.47878595550624,46.60347644216153,-1.6424732966369806,0.06308440286425365,466.0347644216153
3.656000000000003,2888.0860262933966,127289.59315619677,51.854222611987545,46.92958206016335,-1.6240265766052744,0.07865994134412468,469.29582060163347
3.664000000000003,2927.7989093983483,129076.23823971738,52.23228557854424,47.257870819586785,-1.6073283345389555,0.09419439785880757,472.5787081958679
3.672000000000003,2968.081521120874,130887.95953516927,52.61299242591654,47.58835592153679,-1.592434753441002,0.10966105659488323,475.8835592153679
3.680000000000003,3008.9419330134206,132725.10121205953,52.99636083117605,47.921050657439025,-1.57939723971585,0.1250338612016444,479.21050657439025
3.688000000000003,3050.388326281434,134588.01200183266,53.382408578458495,48.25596841030569,-1.5682617346552554,0.1402882010378108,482.5596841030569
3.696000000000003,3092.4289932480337,136477.04525741702,53.77115355970809,48.59312265619954,-1.559069114138902,0.15540173804502166,485.9312265619954
3.704000000000003,3135.072338824979,138392.5590135224,54.162613775424106,48.93252696450226,-1.5518546281929835,0.17034733219035791,489.32526964502256
3.712000000000003,3178.32688199178,140334.91604774905,54.556807335414796,49.27419499883582,-1.5466465993449807,0.18509654226903416,492.74194998835816
3.720000000000003,3222.2012572834906,142304.48394256015,54.953752459562814,49.6181405185027,-1.5434653479950278,0.19962034608723989,496.18140518502696
3.728000000000003,3266.7042162997336,144301.63514811723,55.353467478600834,49.96437737975274,-1.542322692288451,0.21388990710829203,499.6437737975274
3.736000000000003,3311.844629233866,146326.7470459798,55.75597083489617,50.312919536916496,-1.5432216229464295,0.22787654326652612,503.12919536916496
3.744000000000003,3357.6314864302262,148380.20201368196,56.16128108324448,50.6637810435392,-1.5461564067071878,0.2415520071327893,506.637810435392
3.752000000000003,3404.073899966664,150462.38749019927,56.56941689167274,51.01697605353186,-1.5511127709475074,0.25488843836170516,510.16976053531863
3.760000000000003,3451.0953679768036,152565.01252275094,56.9795510192507,51.266765947244856,-1.5563271061696486,0.5575142698045189,512.6676594724486
3.768000000000003,3498.7876558822336,154697.10556174992,57.39254913440369,51.62476439412314,-1.5659254728523662,0.25074030101223205,516.2476439412314
3.776000000000003,3547.1612612669273,156859.01542667006,57.808425064452074,51.98449125604847,-1.5798518736049463,-0.05832290819077862,519.8449125604848
3.784000000000003,3596.227447659712,159051.1574319201,58.227198703092334,52.34670483003236,-1.5980131384023082,-0.36807300318094477,523.4670483003235
3.792000000000003,3645.9976014298086,161273.95215088737,58.64889003276059,52.71141620853219,-1.6202829652548925,-0.6769073722238439,527.1141620853219
3.800000000000003,3696.4832063475355,163527.82592282136,59.0735191671293,53.07864179608856,-1.6465069250493212,-0.983233418350655,530.7864179608856
3.808000000000003,3747.695814727264,165813.2109275203,59.5011063516612,53.44839806648735,-1.6765080123225449,-1.2854786677766166,534.4839806648735
3.816000000000003,3799.6470201936163,168130.5452641058,59.93167196446236,53.8207016001454,-1.7100923349354566,-1.5821006011641476,538.207016001454
3.824000000000003,3852.3484327095803,170480.27303083843,60.365236517140055,54.19556908471206,-1.7470541413769825,-1.8715977496576632,541.9556908471206
3.832000000000003,3905.811656484079,172862.8444060137,60.80182065566781,54.57301731596919,-1.7871809816662099,-2.1525199042085448,545.7301731596918
3.840000000000003,3960.048270882984,175278.71572996955,61.24144516125919,54.953063198923,-1.8302588498086445,-2.4234669425257014,549.53063198923
3.848000000000003,4015.0698154430956,177728.3495882213,61.6841309512504,55.335723748900875,-1.8760754385432818,-2.683109564878229,553.3572374890088
3.856000000000003,4070.8877788406903,180212.2148957403,62.1298990799917,55.721016092662495,-1.9244228705727995,-2.9301923530421408,557.2101609266249
3.864000000000003,4127.513592097519,182730.78698239368,62.57877073974789,56.10895746952283,-1.9750998182593014,-3.16353950454718,561.0895746952283
3.872000000000003,4184.9586261882105,185284.54767956163,63.03076726160778,56.49956523248599,-2.0279129757079195,-3.382061095320626,564.99565232486
3.880000000000003,4243.359302769654,187874.27116161364,63.48593522902657,56.895995927349745,-2.002785390485359,-5.334332094176251,568.9599592734975
3.888000000000003,4302.6249921268645,190500.16742667707,63.94427102427398,57.29197440592601,-1.9847695260000746,-5.747323848960261,572.9197440592601
3.896000000000003,4362.764819690631,193162.73902454047,64.40579646000756,57.69067946669753,-1.9739653709524152,-6.104161794048229,576.9067946669753
3.904000000000003,4423.536688473919,195867.31829222088,64.87094841519472,58.14399439839431,-1.9826634346302017,-1.894362881969171,581.4399439839431
3.912000000000003,4485.174386864626,198609.64730116836,65.33933535002083,58.54836685326382,-1.9914806040155053,-1.8990257174138323,585.4836685326383
3.920000000000003,4547.719197025072,201392.11438828302,65.81113760411588,58.9752817618818,-1.9854846200007614,2.229221666471467,589.752817618818
3.928000000000003,4611.1506776780825,204213.45719784498,66.28622435910381,59.38584437349073,-1.9810523357793928,2.1138735845073846,593.8584437349073
3.936000000000003,4675.481815587057,207074.23445319614,66.76461978177014,59.79942783329078,-1.9781925083404355,1.9982415340682993,597.9942783329078
3.944000000000003,4740.725653055516,209974.99988870672,67.2463471266872,60.21591811463327,-1.9769100122618486,1.882422399356708,602.1591811463327
3.952000000000003,4806.8954190632085,212916.31516796493,67.73142982308097,60.63533704922194,-1.9772056678924308,1.7665570346578074,606.3533704922194
3.960000000000003,4874.004529846827,215898.74990587073,68.2198914684867,61.05770567571497,-1.9790762079711168,1.6507849529725462,610.5770567571496
3.968000000000003,4942.066590424221,218922.88178278675,68.71175583002682,61.4830451925163,-1.9825142921189185,1.5352439108219469,614.8304519251631
3.976000000000003,5011.095396159277,221989.29665968547,69.20704684564481,61.91137695224849,-1.9875085688884297,1.4200694883724831,619.1137695224849
3.984000000000003,5081.104934381804,225098.58869495481,69.70578862534805,62.34272246290419,-1.9940437837144804,1.3053946668093985,623.4272246290419
3.992000000000003,5152.10938607028,228251.3604628809,70.20800545245969,62.77710338895551,-2.0021009298446524,1.1913494055298022,627.7710338895552
4.000000000000003,5224.123127605074,231448.2230738319,70.71372178487944,63.2145415524684,-2.011657438202488,1.0780602220597357,632.1454155246839
4.008000000000003,5297.160732599517,234689.79629616736,71.22296225635321,63.65505893422239,-2.0226874012008658,0.9656497777164351,636.5505893422239
4.016000000000003,5371.23697381582,237976.7086798974,71.7357516777519,64.09867767483603,-2.0351618248157255,0.8542364720263687,640.9867767483603
4.024000000000003,5446.366825172344,241309.59768211676,72.2521150383591,64.54542007589856,-2.049048902772455,0.7439340488338149,645.4542007589856
4.032000000000003,5522.565463848233,244689.10979423937,72.77207750716796,64.99530860110812,-2.064314306493606,0.6348512169273943,649.9530860110813
4.040000000000003,5599.983353723047,248115.91220264664,73.29566531515492,65.44847599836909,-2.046987554896221,4.157945622724569,654.4847599836909
4.048000000000003,5678.502776117745,251590.6621338301,73.8229033965704,65.90476017693514,-2.0299364895919414,4.1891141434384656,659.0476017693514
4.056000000000003,5758.139335313823,255114.03766180394,74.35381774205176,66.36429318517085,-2.0131779102306924,4.219880499011598,663.6429318517085
4.064000000000003,5838.908853345744,258686.7262429786,74.88843450805706,66.82709575066312,-1.9967289149634242,4.250232710633776,668.2709575066312
4.072000000000003,5920.8273738386015,262309.4249227964,75.42678002386027,67.2931894754012,-1.9806068851999319,4.280159276632955,672.9318947540121
4.080000000000003,6003.911165043687,265982.840461981,75.96888079229247,67.76259605402389,-1.9648294745156045,4.309648820666434,677.6259605402389
4.088000000000003,6088.176722360989,269707.6894649152,76.51476349052967,68.23533727965106,-1.9494147634547065,4.33868194999655,682.3533727965106
4.096000000000003,6173.640772211123,273484.698509347,77.06445497086618,68.71143504206385,-1.9343810589068617,4.367250357976556,687.1143504206385
4.104000000000003,6260.320275235721,277314.6042776119,77.61798226148625,69.19091132750849,-1.91974686552705,4.395346331246225,691.9091132750849
4.112000000000003,6348.232429540703,281198.1536893831,78.1753725672341,69.6737882184831,-1.9055308533142705,4.4229627570232495,696.7378821848309
4.120000000000003,6437.394673982801,285136.1040359641,78.73665327038225,70.16008789351852,-1.8917518211563786,4.45009312966366,701.6008789351852
4.128000000000003,6527.824691499696,289129.2231161374,79.30185193139788,70.64983262695353,-1.8784286561625763,4.476731556589784,706.4983262695353
4.136000000000003,6619.540405537245,293178.28937358345,79.8709962897075,71.14304478870447,-1.8655804542699332,4.502776270717561,711.4304478870447
4.144000000000003,6712.559988766872,297284.0920360328,80.44411426447007,71.63974684532137,-1.8532263217381955,4.5282014141372775,716.3974684532137
4.152000000000003,6806.901875018785,301447.4312560686,81.02123395535132,72.13996136015518,-1.841385125955128,4.55309846308228,721.3996136015519
4.160000000000003,6902.584757482201,305669.1182533981,81.60238364328582,72.64371099181199,-1.8300755751696611,4.577484941341659,726.4371099181199
4.168000000000003,6999.627590774863,309949.9754587199,82.18759179123468,73.15101849360828,-1.8193161905165676,4.601358395822266,731.5101849360827
4.176000000000003,7098.049594543108,314290.8366592331,82.77688704494122,73.66190671331769,-1.8091252367479047,4.624717009274737,736.6190671331769
4.184000000000003,7197.870257107883,318692.5471458046,83.37029823368451,74.17639859291089,-1.7995206474068617,4.6475596014080285,741.7639859291089
4.192000000000003,7299.109339156703,323155.96386180795,83.96785437103084,74.6945171682914,-1.790519944005517,4.669885625347376,746.945171682914
4.200000000000003,7401.7868774809685,327681.9555536493,84.56958465558307,75.21628556902871,-1.7821401487996162,4.691695152478892,752.1628556902872
4.208000000000003,7505.923188756816,332271.4029229957,85.1755184717278,75.7417270180907,-1.7743976915283177,4.712988829028527,757.417270180907
4.216000000000003,7611.538873364666,336925.1987807213,85.78568539038044,76.27086483157906,-1.7673083143043584,4.733767764601169,762.7086483157906
4.224000000000003,7718.654819236072,341644.24820258864,86.40011516972824,76.80372241847546,-1.7608869943015568,4.754033260570109,768.0372241847546
4.232000000000003,7827.292205704607,346429.4686866836,87.01883775597153,77.34032328041243,-1.7551479620426855,4.773786199589331,773.4032328041244
4.240000000000003,7937.472507340097,351281.7903126261,87.6418832840635,77.88069101149574,-1.7501050810204637,4.793026041664747,778.8069101149574
4.248000000000003,8049.217498139891,356202.15590256464,88.26928207844796,78.42484929805843,1.7457731048820362,4.811754375778046,784.2484929805844
4.256000000000003,8162.549255619234,361191.5211840438,88.9010646537999,78.97282191899271,1.7421687738829146,4.8299725105948905,789.7282191899271
4.264000000000003,8277.490165485115,366250.8549545892,89.53726171575762,79.52463274471494,1.7393077955362806,4.847689438232262,795.2463274471494
4.272000000000003,8394.062924966784,371381.1392480328,90.17790416164729,80.08030573620788,1.7372021395060733,4.864904741438609,800.8030573620788
4.280000000000003,8512.290544467185,376583.36950263655,90.82302308120266,80.63986494442226,1.7358702493934537,4.881582956805147,806.3986494442225
4.288000000000003,8632.196354290823,381858.5547312706,91.47264975729496,81.20333451153707,1.7353272120906613,4.897721716117086,812.0333451153706
4.296000000000003,8753.804009874408,387207.7176933678,92.12681566665418,81.77073866990285,1.7355770003582967,4.913334196317114,817.7073866990286
4.304000000000003,8877.137495813276,392631.8950686242,92.78555248057953,82.34210174066787,1.7366226035729717,4.928429373991772,823.4210174066787
4.312000000000003,9002.2211304113,398132.1376326295,93.44889206564922,82.91744813371076,1.738466052237916,4.943018028918222,829.1744813371076
4.320000000000003,9129.079570192116,403709.51043442835,94.1168664844288,83.49680234744687,1.7411083622940566,4.957111575932252,834.9680234744687
4.328000000000003,9257.737814428685,409365.0929760206,94.78950799617735,84.0801889685691,1.7445494772727779,4.970721632196941,840.8018896856911
4.336000000000003,9388.221209714273,415099.9793938112,95.46684905755134,84.6676326717494,1.7487882276249227,4.983859871397497,846.676326717494
4.344000000000003,9520.555454584239,420915.27864202426,96.14892232330587,85.25915821931589,1.7538223099849741,4.996537986569035,852.591582193159
4.352000000000003,9654.766604192528,426812.1146780941,96.83576064699318,85.85479046091332,1.759648284734351,5.008767690861089,858.5479046091332
4.360000000000003,9790.881075044492,432791.6266500492,97.52739708165839,86.45455433315166,1.7662615893289395,5.020560728266967,864.5455433315167
4.368000000000003,9929.537648777497,438856.8630193082,98.22397364567755,87.07207050239346,1.7551733574046668,-9.974799385987495,870.7207050239346
4.376000000000003,10070.144926353409,445007.12474583153,98.92541568756117,87.68025523545307,1.7470903584982223,-9.939433844899368,876.8025523545307
4.384000000000003,10212.730435085841,451243.6232816707,99.63175829767833,88.29282626464565,1.742007506170454,-9.901695315278536,882.9282626464566
4.392000000000003,10357.321956114032,457567.57323236857,100.34303601844276,88.90971509555295,1.7399017862284545,-9.861569577269032,889.0971509555295
4.400000000000003,10503.94766258302,463980.205993009,101.0592836158916,89.53094968110456,1.7407239850735161,-9.819034212873785,895.3094968110456
4.408000000000003,10652.636129343144,470482.7698722601,101.78053607539528,90.15655743795836,1.7444097065661124,-9.774098778524198,901.5655743795835
4.416000000000003,10803.416336853588,477076.53031412524,102.50682860278985,90.78656592432294,1.7508796281180024,-9.726761886681643,907.8656592432294
4.424000000000003,10956.317670934655,483762.7701215872,103.23819662546856,91.42100283483794,1.7600412136690853,-9.67698368570014,914.2100283483794
4.432000000000003,11111.3699231729,490542.78968252905,103.9746757934532,92.05989599807982,-1.7718181507199873,-9.62468351118021,920.5989599807982
4.440000000000003,11268.60333270554,497417.9071976672,104.71630198043088,92.70327337220999,-1.786168615319811,-9.570005166041774,927.0327337220999
4.448000000000003,11428.048559028377,504389.45891299425,105.46311128488964,93.35116305734354,-1.8029854665378338,-9.512888505303152,933.5116305734355
4.456000000000003,11589.736669425232,511458.79935646796,106.21514003133348,94.00359330548017,-1.8221304363478739,-9.45315365694989,940.0359330548017
4.464000000000003,11753.699165095233,518627.3015768594,106.97242477146186,94.66059251604791,-1.8434600043776062,-9.390749543412607,946.6059251604792
4.472000000000003,11919.967993434826,525896.3573851424,107.7350022853335,95.32218923395382,-1.8668291437663669,-9.325664245652117,953.2218923395383
4.480000000000003,12088.575555790847,533267.377598704,108.50290958252823,95.98841214934217,-1.8920923773087308,-9.257895339221488,959.8841214934216
4.488000000000003,12259.554714314598,540741.7922884973,109.27618390331192,96.65929009796027,-1.9191047165858457,-9.187443705598668,966.5929009796026
4.496000000000003,12432.938798706688,548321.0510292054,110.05486271980602,97.33485206176256,-1.9477226099074922,-9.114312452707871,973.3485206176256
4.504000000000003,12608.76161302282,556006.6231524674,110.83898373716302,98.0151271696235,-1.977804820315959,-9.038506936691737,980.151271696235
4.512000000000003,12787.057442571975,563799.9980032094,111.62858489474789,98.70014469810812,-2.009213179331641,-8.960034989496904,987.0014469810812
4.520000000000003,12967.64038572745,571703.7955690208,112.42376022463742,99.39691623619052,-1.9809910172434622,7.077764386659336,993.9691623619052
4.528000000000003,13150.778177298298,579718.4788266689,113.22449405095666,100.0917282899051,-1.9535381602247162,7.089958381904434,1000.9172828990511
4.536000000000003,13336.507251060431,587845.6426605739,114.0308271748654,100.79164048859033,-1.9269169274240134,7.101892202526418,1007.9164048859034
4.544000000000003,13524.86447808968,596086.8959547986,114.84280024309979,101.49663352929858,-1.9011911081540314,7.113611288854436,1014.9663352929858
4.552000000000003,13715.88725182415,604443.8697213643,115.66045414379694,102.20673758714375,-1.8764257766365322,7.125158395215593,1022.0673758714374
4.560000000000003,13909.613493885252,612918.2173031988,116.48383000362449,102.92198247844367,-1.85268705503948,7.136573316901799,1029.2198247844367
4.568000000000003,14106.081660494932,621511.6146346922,117.31296918766989,103.64239800567505,-1.830041818849132,7.147892637511326,1036.4239800567505
4.576000000000003,14305.330748928829,630225.7605036341,118.14791329928178,104.36801395148537,-1.8085573384754108,7.159149491281628,1043.6801395148536
4.584000000000003,14507.400303992586,639062.376814908,118.98870417988284,105.09886007513259,-1.7883008585244102,7.170373177816014,1050.988600751326
4.592000000000003,14712.33043648689,648023.2088559051,119.83538390875307,105.83496610877881,-1.7693388789833477,7.181692969966653,1058.3496610877883
4.600000000000003,14920.161821105747,657110.0255634901,120.68799480277613,106.57636175288215,-1.7517367885792678,7.193157970217278,1065.7636175288214
4.608000000000003,15130.935684965385,666324.6197926827,121.5465794161576,107.32307667268398,-1.735558638245509,7.20465574535028,1073.2307667268399
4.616000000000003,15344.307556694517,675668.9679693166,122.41118791376256,108.07606220062044,-1.7472904966867313,1.8699718743527152,1080.7606220062044
4.624000000000003,15560.704772127705,685144.6774189607,123.28185246223777,108.83306855940005,-1.7591404930976147,1.8722700921566113,1088.3306855940004
4.632000000000003,15780.169460645346,694753.5375252,124.15861286765029,109.59505067656633,-1.771103826390366,1.874292912847109,1095.9505067656632
4.640000000000003,16002.74429852191,704497.3589199836,125.04150907422425,110.36202582174478,-1.7831759036922739,1.8759752738773094,1103.6202582174478
4.648000000000003,16228.472527843875,714377.9748706635,125.93058121755931,111.13401791688203,-1.7953523584530506,1.87727222651356,1111.3401791688202
4.656000000000003,16457.397966083732,724397.2415257543,126.8258696249495,111.91105092377386,-1.8076289239841712,1.8782259361443234,1119.1105092377386
4.664000000000003,16689.56501384843,734557.0381713909,127.72741481608023,112.69314889133967,-1.820001347952001,1.878899421544034,1126.9314889133968
4.672000000000003,16925.018660142472,744859.2674904179,128.63525750373165,113.48033595642842,-1.8324654824449036,1.8792911365250478,1134.8033595642842
4.680000000000003,17163.804489655744,755305.8558243023,129.54943859449583,114.27263634552003,-1.845017282727814,1.8793996065200083,1142.7263634552003
4.688000000000003,17405.968690136975,765898.7534379057,130.46999918950752,115.07007437646071,-1.857652807028476,1.8792234268900256,1150.700743764607
4.696000000000003,17651.558059853956,776639.9347871605,131.39698058518943,115.87267446023881,-1.8703682173345566,1.878761262356726,1158.7267446023882
4.704000000000003,17900.62001514167,787531.3987896902,132.33042427401182,116.68046110280082,-1.8831597811640037,1.8780118478712353,1166.8046110280081
4.712000000000003,18153.20259803955,798575.1690984176,133.27037194526707,117.49345890690782,-1.896023874195957,1.8769739913635557,1174.9345890690781
4.720000000000003,18409.35448401903,809773.2943782033,134.21686548585933,118.31169257403175,-1.9089569834861875,1.875646578888485,1183.1169257403176
4.728000000000003,18669.124989802673,821127.8485855609,135.16994698110966,119.13518690629107,-1.9219557107035774,1.8740285825836498,1191.3518690629107
4.736000000000003,18932.56407891565,832640.9312514912,136.12965871557705,119.96396680842463,-1.9350085258931697,1.8720487959670802,1199.6396680842463
4.744000000000003,19199.722371342952,844314.6677686616,137.09604317394422,120.79805729589796,-1.9481052292685597,1.8696895499793689,1207.9805729589796
4.752000000000003,19470.651154733867,856151.209682233,138.06914304193606,121.63748349897867,-1.9612451255958936,1.8670268135623078,1216.3748349897867
4.760000000000003,19745.402390375348,868152.7349827926,139.0490012072053,122.48227065865284,-1.9744282440158925,1.8640616603408497,1224.8227065865283
4.768000000000003,20024.02872153081,880321.4484026119,140.03566076023537,123.33244412876132,-1.987655268928254,1.8607959680792896,1233.3244412876134
4.776000000000003,20306.58348186944,892659.5817152476,141.0291649952595,124.18802937801492,2.00092737138117,1.8572323301880953,1241.8802937801493
4.784000000000003,20593.12070397711,905169.3940385111,142.0295574111949,125.04905199192581,2.014245948920429,1.8533737391799059,1250.490519919258
4.792000000000003,20883.69512794247,917853.172140833,143.0368817125923,125.91553767467423,2.0276123156823465,1.8492230807452967,1259.1553767467421
4.800000000000003,21178.362209968534,930713.2307510637,144.0511818106,126.78751225096426,2.041027405739386,1.8447808998379305,1267.8751225096426
4.808000000000003,21477.178131215358,943751.9128717543,145.07250182394316,127.66500166789332,2.054491557264451,1.8400499919881856,1276.6500166789333
4.816000000000003,21780.199806591612,956971.5900959889,146.1008860799189,128.54803199696713,2.0680044011811,1.8350302989111131,1285.4803199696712
4.824000000000003,22087.484893702996,970374.6629278368,147.13637911540866,129.43662943622178,2.0815648559887387,1.8297206536050556,1294.3662943622178
4.832000000000003,22399.091801918035,983963.5611065007,148.17902567790867,130.33082031250277,2.0951711989777007,1.8241190593736496,1303.3082031250276
4.840000000000003,22715.0797015558,997740.7439342401,149.22887072657974,131.23063108388294,2.10882117804754,1.8182230212703172,1312.3063108388294
4.848000000000003,23035.5085331965,1011708.700608142,150.28595943331734,132.13608834219886,2.1225121342284714,1.8120298445541343,1321.3608834219885
4.856000000000003,23360.439017114182,1025869.9505558125,151.3503371838428,133.0472188156824,2.136241115812057,1.8055368605053965,1330.4721881568241
4.864000000000003,23689.932662830244,1040227.0437750561,152.42204957881614,133.96404937166764,2.1500049749234886,1.7987415750140698,1339.6404937166765
4.872000000000003,24024.051778786805,1054782.5611776118,153.501142434971,134.88660701935754,2.1638004441715104,1.7916417532283466,1348.8660701935755
4.8800000000000034,24362.859482139596,1069539.1149370095,154.58766178627212,135.81491891264048,2.1776241947469837,1.7842354584574154,1358.1491891264047
4.8880000000000035,24706.41970867054,1084499.3488406155,155.68165388509573,136.74901235295022,2.1914728789049764,1.7765210617138876,1367.4901235295022
4.8960000000000035,25054.797222820718,1099665.9386459307,156.78316520343304,137.68891479216518,2.2053431600733644,1.7684972342346703,1376.8891479216518
4.9040000000000035,25408.05762784478,1115041.5924412122,157.8922424341174,138.63465383554652,2.2192317335371357,1.7601629313165845,1386.346538355465
4.9120000000000035,25766.267376088068,1130629.051010482,159.0089324920751,139.58625724471352,2.2331353401382925,1.7515173726610787,1395.8625724471353
4.9200000000000035,26129.493779375585,1146431.088202996,160.1332825156003,140.54375294064997,2.247050775562232,1.7425595795603122,1405.4375294064996
4.9280000000000035,26497.80501956691,1162450.5113075655,161.26533986766583,141.5071690081878,2.2609748941068055,1.7332896751685198,1415.071690081878
4.9360000000000035,26871.27015919871,1178690.1614311791,162.40515213724757,142.47653369771794,2.2749046117036142,1.723707557374439,1424.7653369771795
4.9440000000000035,27249.959152268704,1195152.913882305,163.55276714067426,143.4518754283378,2.2888369065937133,1.713813316949625,1434.5187542833778
4.9520000000000035,27633.942855150523,1211841.678558946,164.70823292300244,144.43322279102287,2.3027688187946995,1.703607224436488,1444.3322279102288
4.9600000000000035,28023.29303764132,1228759.4003415238,165.87159775941714,145.42060455183926,2.316697448762289,1.6930897189033232,1454.2060455183926
4.9680000000000035,28418.08239414396,1245909.0594906716,167.04291015665873,146.4140496551979,2.330619955532639,1.6822613983494463,1464.1404965519791
4.9760000000000035,28818.378566099163,1263293.888899229,168.22222620958289,147.41450661551872,2.328934248113613,-1.357721644448831,1474.1450661551871
4.9840000000000035,29224.265488211047,1280917.0861213082,169.40959968821812,148.42168482940357,2.327279939764155,-1.3564799836772559,1484.2168482940358
4.9920000000000035,29635.822480696275,1298782.1111786251,170.6050920573219,149.43654613797216,2.32565694893639,-1.3552206004856748,1494.3654613797216
5.0000000000000036,30053.129969888894,1316892.4711319976,171.80876510107998,150.45913046975804,2.324065193781957,-1.3539434178413243,1504.5913046975804
