0.002,0.002458125042278435,839.6572422372874,0.001567837749838229,0.7839188749190819,-0.0015678377498382849,-0.7839188749190815,-647.9418346724061
0.004,22.249688812545195,933.8995686035164,-0.20936496874421123,-105.4664032470248,-0.0002883126595733427,0.6397625451323429,217.07409606656086
0.006,32.013680661143155,944.1135760751458,-0.34910540785307037,-69.87021955442708,3.7074100065673105e-05,0.16269335564087634,-71.46330342080984
0.008,45.327807608503704,945.3249051487328,-0.5122825997431815,-81.58859594501482,0.0006759840734964218,0.319454977159802,24.610252676344288
0.01,57.358023695820236,945.4105175115496,-0.667390198128586,-77.55379919271412,0.0012083872632451201,0.26620161097187184,-6.542643304385933
0.012,69.72358127511332,945.4225942823886,-0.8246418499618566,-78.6258259166637,0.0017678557723522917,0.27973427214470237,2.4573126417770084
0.014,81.96353578797351,945.4238229552258,-0.9810891449790069,-78.2236475085753,0.0023180760934034465,0.27511016045348147,0.7837961588481903
0.016,94.16375766743916,945.4238595885262,-1.1372780454174878,-78.09445021924058,0.002863512194553774,0.27271805052910314,0.13533901950947325
0.018000000000000002,106.35801609360354,945.4280510688619,-1.293423896191351,-78.07292538693181,0.003409690214813135,0.2730890102934609,1.4476671467731421
0.020000000000000004,118.47910672697785,945.4284687571994,-1.4490949926378893,-77.83554822326923,0.003949533057803451,0.26992142149469495,0.45699471414147297
0.022000000000000006,130.57785242810493,945.4298671546637,-1.604616382476123,-77.76069491911659,0.004487538212848845,0.2690025775204075,0.8361810402906542
0.024000000000000007,142.6350704258839,945.430958957069,-1.7598638031244471,-77.62371032416169,0.005022135529852265,0.26729865827918264,0.7388512723677252
0.02600000000000001,154.65588858080986,945.4322041281509,-1.9148692436738313,-77.50272027469217,0.005553821228005554,0.26584284924935037,0.7890408994295797
0.02800000000000001,166.63789731707666,945.4332487077113,-2.069616149335091,-77.37345283063007,0.0060822801191939314,0.2642294456412751,0.7226961880089959
0.030000000000000013,178.58467745739105,945.4348346444583,-2.2241266556978965,-77.25525318140257,0.006608181197114343,0.26295053896488324,0.8904877166331744
0.032000000000000015,190.48784809338176,945.4358550963584,-2.3783454681709792,-77.10940623654157,0.007130521442724992,0.2611701228031,0.7143010220111989
0.034000000000000016,202.3564994997398,945.4371538314149,-2.5323304731037393,-76.99250246637997,0.007650178996517845,0.25982877681283056,0.8058334370365401
0.03600000000000002,214.18617040591366,945.4383854250625,-2.686051698556104,-76.86061272618228,0.00816679885204056,0.25830992784824086,0.784727228904444
0.03800000000000002,225.97809349409332,945.439686014282,-2.8395161261750372,-76.73221380946671,0.008680533435853207,0.2568672919064973,0.8064084633284665
0.04000000000000002,237.73133036630435,945.4408815279519,-2.992716606480555,-76.60024015275891,0.009191248540077048,0.25535755211012334,0.7731473565520162
0.04200000000000002,249.4476284084768,951.0205193560327,3.1375211230425215,-76.47378882825487,0.009699226748928879,0.25398910442742656,52.81873639193168
0.044000000000000025,258.66284888665047,951.6080656716291,3.00189546692043,-67.8128280610458,0.009975730205448691,0.13825172825987067,-17.13981207009607
0.04600000000000003,268.6547112305399,951.6849045558599,2.8606479296529903,-70.62376863371983,0.010328222281479418,0.17624603801350236,6.198341884361156
0.04800000000000003,278.3600315690885,951.6900682856302,2.721432595553156,-69.60766704991724,0.010654095019206656,0.16293636886572258,-1.6068182489535445
0.05000000000000003,288.1374808706946,951.6922830113602,2.5816895231529102,-69.87153620012282,0.01098779136297015,0.16684817188168605,1.0523131021826089
0.05200000000000003,297.8654591178496,951.6923234582746,2.4422908571422064,-69.69933300535207,0.011317575947898473,0.16489229246392725,0.14220920219898403
0.054000000000000034,307.5857185812941,951.6927411709678,2.3029380837546496,-69.67638669377851,0.011647482236779055,0.16495314444056547,0.45700803777779697
0.056000000000000036,317.2839662769003,951.6929995200906,2.16373442070092,-69.60183152686483,0.011976151295274887,0.16433452924788175,0.35940862733059475
0.05800000000000004,326.96475736395985,951.6933157049804,2.0246478387918794,-69.54329095451999,0.012304032276285445,0.16394049050529425,0.3976084065123473
0.06000000000000004,336.62644598109114,951.6936219122963,1.8856908440709814,-69.47849736044908,0.012630979358662017,0.16347354118830434,0.3912846252651434
0.06200000000000004,346.2694180420915,951.6939415865324,1.7468613405955384,-69.41475173772142,0.012957042312521998,0.16303147692991113,0.3997963457199205
0.06400000000000004,355.89338398267915,951.694268889173,1.608162095099587,-69.34962274797613,0.013282208522520137,0.16258310498946682,0.4045384039674502
0.06600000000000004,365.49822452660135,951.6945967736224,1.4695946517040923,-69.28372169774703,0.013606468257557463,0.16212986752829905,0.40489779534942727
0.06800000000000005,375.0840227136104,951.6949420288336,1.331159096002084,-69.21777785100446,0.013929852201954177,0.16169197219847076,0.41548478385772114
0.07000000000000005,384.65039545846037,951.6952891255872,1.1928588825709188,-69.15010671558218,0.014252331385160823,0.16123959160326176,0.416591378726622
0.07200000000000005,394.19739183621624,951.6956504190396,1.0546943467430605,-69.08226791392923,0.014573928534389175,0.160798574614023,0.42502555939665854
0.07400000000000005,403.7247375929201,951.6960668469419,0.9166681658477227,-69.01309044766907,0.014894695337920651,0.160383401765328,0.45630466925302926
0.07600000000000005,413.23107831437136,951.6962929160538,0.7787908567993274,-68.93865452419782,0.015214235303063758,0.1597699825720699,0.33620612121259796
0.07800000000000006,422.72194677803213,951.6966123428205,0.6410229700443519,-68.8839433777525,0.015533138661836303,0.15945166812386763,0.39964156853207555
0.08000000000000006,432.19464834240233,951.6973784351768,0.5033847230028412,-68.81912352051131,0.015851714206307058,0.15928778201974322,0.6189072451978461
0.08200000000000006,441.6393063684724,951.6975502426618,0.36594863222975604,-68.71804538648915,0.0161683937073487,0.1583397519967835,0.2930934023027021
0.08400000000000006,451.07078913433196,951.698379834089,0.2286072508739041,-68.67069067792566,0.016485200963922787,0.15840362828850443,0.644046359826774
0.08600000000000006,460.47328146747617,951.6984572176132,0.09147646989317959,-68.56539049036299,0.016799801016646045,0.15730002635854778,0.19670221677117183
0.08800000000000006,469.86712615667534,951.6994852846273,-0.045591325384812365,-68.53389763899243,0.017115062897338693,0.1576309403421908,0.7169613009560294
0.09000000000000007,479.2289822930396,951.6997562451285,-0.1824250925461186,-68.4168835806561,0.017428282524264822,0.15660981347074535,0.36807641953322445
0.09200000000000007,488.5746016911759,951.7001396003361,-0.319139146019392,-68.35702673663695,0.01774088617931048,0.15630182752285912,0.4378100088164416
0.09400000000000007,497.9009693355185,951.7005856887406,-0.45571076115261633,-68.28580756661201,0.01805271272501687,0.1559132728531626,0.47227555752931494
0.09600000000000007,507.2066516354999,951.7010869624048,-0.5921287367429287,-68.20898779515633,0.01836371294425256,0.15550010961647112,0.5006364270557953
0.09800000000000007,516.4904674910429,951.7015004926934,-0.7283836891871234,-68.12747622209768,0.01867367987170785,0.15498346372902067,0.4547143546369057
0.10000000000000007,525.7545772593995,951.701997691868,-0.8644907540561544,-68.05353243451555,0.018982890147729754,0.15460513801092837,0.4985976206214957
0.10200000000000008,534.9971220132875,951.7024759171771,-1.0004355571867105,-67.97240156527825,0.019291168847863627,0.1541393500670614,0.4889914667718216
0.10400000000000008,544.2186310751636,951.7029677397235,-1.1362212637064717,-67.89285325988034,0.019598572857104583,0.1537020046196489,0.49589441733746753
0.10600000000000008,553.418892225498,951.7034302428667,-1.271845584625698,-67.81216045961281,0.019905046770714703,0.15323695679819768,0.4808862356601651
0.10800000000000008,562.598686318912,951.7039926908308,-1.4073135548648716,-67.73398511958719,0.02021076958395542,0.15286140662182027,0.530305555370532
0.11000000000000008,571.7559132026882,951.7044917592218,-1.5426089378494847,-67.64769149230628,0.020515495225948283,0.1523628209907167,0.49953397836635816
0.11200000000000009,580.8920503746311,951.705082574973,-1.6777419129231337,-67.56648753682464,0.020819446089385713,0.1519754317306435,0.5435143747488667
0.11400000000000009,590.005235840679,951.7055543054425,-1.8126979572977975,-67.47802218733224,0.021122330044915028,0.15144197776464696,0.4856595873927887
0.11600000000000009,599.0981412854699,951.7061307948234,-1.9474961278782779,-67.39908529024004,0.021424484030721187,0.15107699290185508,0.5368842430380454
0.11800000000000009,608.1686161260542,951.7067665341598,-2.0821197369314284,-67.31180452657495,0.021725794894953653,0.1506554321173326,0.5637993155402938
0.12000000000000009,617.21559565425,951.7075255286429,-2.2165601112937807,-67.22018718117629,0.022026298078135467,0.15025159159035817,0.6160334743713349
0.1220000000000001,626.2367425405216,951.7075780314563,-2.3507990687622717,-67.1194787342455,0.022324713388988605,0.14920765542735198,0.16202285850555143
0.1240000000000001,635.2523246280064,951.7091386025124,-2.4849868911032242,-67.09391117047592,0.02262441909386132,0.1498528523763398,0.8833377202784618
0.12600000000000008,644.2306205848848,951.7094109134548,-2.6188863580146884,-66.9497334557314,0.022921589014125544,0.14858495987196976,0.36899250829117136
0.12800000000000009,653.1943673590013,951.7102090513922,-2.752666380523883,-66.89001125459761,0.023218709239027295,0.14856011275392197,0.6317190583714307
0.1300000000000001,662.1321605752265,951.7109800097257,-2.8862409851205295,-66.7873022983227,0.023514816344443395,0.14805355214298443,0.6208696858380165
0.1320000000000001,671.0445308332257,951.711387712139,-3.0196133178025892,-66.68616634102887,0.023809545050806197,0.14736435375962012,0.45149884449411104
0.1340000000000001,679.9387440430557,957.2482188682746,3.130346086625314,-66.61295137584146,0.024103934541598794,0.14719474538039104,52.61573508056141
0.1360000000000001,686.6816145625013,957.8532326372268,3.014374587137178,-57.98574974406778,0.02416868218535319,0.03237382189686223,-17.392725044572106
0.1380000000000001,694.1010365974647,957.9242278404616,2.8926973479614886,-60.838619587844946,0.02431144260052429,0.07138020758569959,5.957986372712703
0.1400000000000001,701.2834439838321,957.9307886841806,2.7729724929353363,-59.86242751307587,0.024429631803050432,0.0590946012629653,-1.8111934903495097
0.1420000000000001,708.5360349321853,957.932026538002,2.6526520170827466,-60.16023792629486,0.024557397818473804,0.06388300771127702,0.7867190799056658
0.1440000000000001,715.7565731658772,957.9320301127661,2.532587858618049,-60.03207923234896,0.024683403451648225,0.06300281655726388,-0.042277441737162746
0.1460000000000001,722.977791556297,957.9321402954741,2.4125081468296585,-60.03985589419485,0.02481128239395105,0.06393947118052752,0.23471547456954056
0.1480000000000001,730.188792858422,957.9321415489138,2.2925041410597484,-60.002002884955026,0.024939401803800505,0.06405970492534778,-0.025034372794685567
0.1500000000000001,737.3999363958559,957.932355445894,2.172490021995041,-60.007059532353495,0.025069534356609,0.06506627640482777,0.3270298000459988
0.1520000000000001,744.5973953807238,957.9323749503136,2.052581531543127,-59.95424522595724,0.02519985463000158,0.06516013669639503,0.09875327742475548
0.1540000000000001,751.790223242887,957.9324734109565,1.9327037001445573,-59.938915699284635,0.025331469215484143,0.06580729274125732,0.2218790693732018
0.1560000000000001,758.9736248768096,957.9325084411737,1.812897035872304,-59.903332136126544,0.02546370970850332,0.06612024650961568,0.1323446583763399
0.1580000000000001,766.1511926817018,957.9325983420458,1.693132064296467,-59.88248578791865,0.02559707999267253,0.06668514208448792,0.21201517882159493
0.16000000000000011,773.3198560277701,957.9326644706318,1.573434932908237,-59.848565694114825,0.0257312113920098,0.0670656996687617,0.18183589574490355
0.16200000000000012,780.4808621233138,957.9327435323474,1.4537957370192,-59.81959794451812,0.02586624354450766,0.06751607624889368,0.19882368524278604
0.16400000000000012,787.6336069741218,957.9328247771622,1.3342200372956527,-59.78784986177355,0.02600211248452383,0.0679344700073274,0.20155001203171707
0.16600000000000012,794.7780473393871,957.9329144548489,1.2147087104741487,-59.75566341075215,0.026138823626815872,0.06835557114665841,0.2117518437545911
0.16800000000000012,801.9138431732983,957.9329988408898,1.0952651188534213,-59.72179581036355,0.026276315670460845,0.06874602182260289,0.20540939731203167
0.17000000000000012,809.04130854841,957.9330997627258,0.9758871501977071,-59.688984327857085,0.026414648618288322,0.06916647391370008,0.22463507734939014
0.17200000000000013,816.1597587057229,957.933217538099,0.8565810597832145,-59.65304520724729,0.026553788014693307,0.06956969816559441,0.2426678525496726
0.17400000000000013,823.2685337903449,957.933283277704,0.7373529043872337,-59.6140776979894,0.026693511740764536,0.06986186306669252,0.18130031027874338
0.17600000000000013,830.3701133638571,957.9334275800454,0.6181824052537735,-59.58524956673408,0.026834242169429767,0.07036521423407088,0.26860969949765945
0.17800000000000013,837.4611539433278,957.9335689565855,0.499098141574652,-59.542131839557136,0.026975650733191928,0.07070428196551028,0.26587265755318157
0.18000000000000013,844.5417147124082,957.9335967417182,0.38010015517842627,-59.49899319814675,0.02711681018635846,0.07057972612130765,-0.11786673124911573
0.18200000000000013,851.6271020090577,957.9353929588564,0.2610603381951457,-59.51990849160347,0.027261665662190068,0.07242773839757286,0.9476859021018598
0.18400000000000014,858.6754344609774,957.936511648898,0.14233139861738453,-59.364469789398214,0.027402285313306605,0.0703098228911726,-0.7478937229469906
0.18600000000000014,865.7534209892365,957.9424964315672,0.023352636640774242,-59.489380987787065,0.027550736387518177,0.07422553977318493,1.7298529806352576
0.18800000000000014,872.7641341865601,957.9437757799075,-0.09505921760316975,-59.20592712196222,0.02769200476630099,0.07063418939196708,-0.7997963304121001
0.19000000000000014,879.8062270197871,957.9445220125931,-0.21373515600101045,-59.337969198920405,0.027838568863322616,0.07328204851084749,0.6108324997940642
0.19200000000000014,886.8248958308727,957.9445457690587,-0.3322124611555958,-59.23865257729245,0.02798414548122027,0.07278830894884958,0.1089873056688333
0.19400000000000014,893.8397711149273,957.9449836439217,-0.45065617502893296,-59.221856936668395,0.028131395426455826,0.07362497261772513,0.46790750312892726
0.19600000000000015,900.8369258944075,957.9450407814946,-0.5689481442037019,-59.145984587384184,0.02827830051053795,0.07345254204109611,0.16902303543411534
0.19800000000000015,907.8280431128303,957.9452680112366,-0.6871865490896182,-59.11920244295824,0.028426331728258536,0.07401560886026468,0.33706805096391435
0.20000000000000015,914.8066674512197,957.9454227681085,-0.8053162627510193,-59.064856830700336,0.028574736107758868,0.07420218975000302,0.278169796978851
0.20200000000000015,921.7751560629995,957.945647836015,-0.9233566852184238,-59.02021123370217,0.02872385607316274,0.0745599827021118,0.335460807353833
0.20400000000000015,928.7313482634165,957.9458182036311,-1.041288960613875,-58.96613769772543,0.028873373299435217,0.07475861313578948,0.2918626527211501
0.20600000000000016,935.6770009442229,957.946032687021,-1.1591274311640052,-58.91923527506485,0.029023523066501595,0.0750748835335985,0.3274777777700848
0.20800000000000016,942.6108023944043,957.9462345145275,-1.276860414300797,-58.86649156839586,0.029174146707189024,0.07531182034367773,0.3176692513931343
0.21000000000000016,949.5331989386902,957.9464531309926,-1.3944911431859808,-58.81536444259155,0.0293253036619384,0.07557847737369573,0.3306179555650459
0.21200000000000016,956.4437574792397,957.9466738150667,-1.512015378340458,-58.7621175772385,0.02947694427556694,0.07582030681537831,0.33217771905953697
0.21400000000000016,963.3424868811557,957.9469121097807,-1.6294326340650607,-58.70862786230095,0.029629087524762593,0.07607162459754002,0.3451772834045528
0.21600000000000016,970.2289523039888,957.9471457656515,-1.7467386425742564,-58.65300425459775,0.029781671839189672,0.07629215721362807,0.3418010173146371
0.21800000000000017,977.1033493581766,957.9473810711064,-1.8639345046913156,-58.5979310585293,0.029934705553346024,0.07651685707835153,0.34300543356100377
0.22000000000000017,983.9657044362491,957.9476520435696,-1.9810198803944077,-58.54268785154587,0.030088238404249783,0.07676642545187773,0.36808454409633384
0.22200000000000017,990.815120341941,957.9479088884732,-2.097986534933726,-58.48332726965874,0.030242150425095246,0.07695601042204184,0.35836078438811114
0.22400000000000017,997.6520302398543,957.9481381612783,-2.2148375951684307,-58.42553011735221,0.03039642223187718,0.07713590339157234,0.33857997953589347
0.22600000000000017,1004.4772721723618,957.9484524080416,-2.331579666001325,-58.37103541644685,0.030551258240608257,0.07741800436561373,0.3963879181305927
0.22800000000000017,1011.2886964306282,957.9487208146691,-2.448193756376374,-58.307045187524466,0.030706372174517566,0.07755696695475173,0.3663377044901779
0.23000000000000018,1018.0875214808223,957.9490123961142,-2.5646897286975325,-58.247986160579195,0.030861903167788547,0.07776549663509542,0.38182551325266445
0.23200000000000018,1024.873224208007,957.9493058688311,-2.681062512971407,-58.186392136937,0.03101779257851524,0.07794470536375978,0.38306182062093797
0.23400000000000018,1031.6458198777127,957.9495728749141,-2.7973116559591222,-58.124571493857424,0.031173987203208398,0.07809731234641115,0.3653806802912527
0.23600000000000018,1038.4060726060861,957.9499861521437,-2.9134431518957395,-58.06574796830842,0.031330760309389444,0.07838655309048718,0.4545752025340448
0.23800000000000018,1045.1506365565983,957.9502471441396,-3.029427588881098,-57.99221849267922,0.03148756044663392,0.07840006862239245,0.3612422981268395
0.24000000000000019,1051.8830447084622,963.442459618861,3.137889680633716,-57.93401883238573,0.03164484765587105,0.07864360461847568,52.4033036874651
0.2420000000000002,1056.7707708423477,964.0566850800897,3.039205861476987,-49.34190957836438,0.03157394149249515,-0.03545308168791808,-17.524632110670517
0.2440000000000002,1062.2411627132565,964.1243630117386,2.9347724945586147,-52.21668345918612,0.03158217530263668,0.004116905052957136,5.817126939006107
0.2460000000000002,1067.5131618122382,964.1323607624137,2.8322449005500934,-51.26379700426041,0.031566871338649015,-0.007651982003472533,-1.9997188146127156
0.2480000000000002,1072.851710739,964.1334753868923,2.7290591321694917,-51.59288419030078,0.03156269694091663,-0.00208719892448248,0.746533481722601
0.25000000000000017,1078.1640942561246,964.1338692401774,2.62611654105713,-51.47129555618033,0.031556898459891514,-0.002899240432001175,-0.4437641744760379
0.25200000000000017,1083.4906456488368,964.1339724567398,2.5230261139701637,-51.5452135434828,0.03155534792241634,-0.0007752687351596733,0.22717456105391565
0.25400000000000017,1088.8086951169096,964.1340222743643,2.42000830389758,-51.508905036291786,0.03155468613153541,-0.0003308954528049359,-0.15782525859671154
0.25600000000000017,1094.1313519299679,964.1341043233526,2.316936305463115,-51.53599921724832,0.031557145375272266,0.0012296195724619836,0.20254504238903626
0.2580000000000002,1099.4464096673235,964.1341803317057,2.2139289972120704,-51.5036541254997,0.03156045109699224,0.001652863170916728,-0.19494659923569824
0.2600000000000002,1104.7674132554812,964.1342854953931,2.1108553327477138,-51.536832232177844,0.031567035219456925,0.0032920612323967782,0.22930731283898576
0.2620000000000002,1110.0799932189452,964.1343724775468,2.0078551873273485,-51.50007271023926,0.03157429681175118,0.0036307903986455992,-0.2085451433856238
0.2640000000000002,1115.3990718072043,964.1345349577463,1.904784142598781,-51.53552236421432,0.0315849806548741,0.005341927309877413,0.28502648952698895
0.2660000000000002,1120.7079670713388,964.1345426717575,1.8018045310004638,-51.48980579915839,0.031596457268802336,0.005738306964164612,-0.06210479548543635
0.2680000000000002,1126.018440941232,964.1345441201998,1.6988025900768635,-51.500970461799824,0.031610168095156994,0.006855413177430779,0.02691135830202107
0.2700000000000002,1131.3275434052105,964.1345519122983,1.5958073752549566,-51.497607410953286,0.03162586046587388,0.007846185358385062,0.06241834071684238
0.2720000000000002,1136.634116992203,964.1345579647871,1.4928305395582804,-51.48841784833817,0.03164337028186715,0.008754907996630742,0.05501131136541115
0.2740000000000002,1141.9384549195565,964.1345667283076,1.3898696512603266,-51.48044414897644,0.031662732590038614,0.009681154085625731,0.06619486586367174
0.2760000000000002,1147.240222044122,964.1345761751209,1.2869283813673906,-51.470634946467804,0.031683895024428366,0.010581217194937419,0.06872704443823352
0.2780000000000002,1152.5393766283992,964.134588609769,1.1840075519664834,-51.460414700453484,0.03170685483006666,0.011479902819229504,0.07885001019437254
0.2800000000000002,1157.8356187440893,964.1346007936847,1.0811104947001624,-51.44852863316012,0.031731555812474166,0.012350491203788866,0.07805099533364412
0.2820000000000002,1163.1290199271712,964.1346177057245,0.9782369322960411,-51.436781202060196,0.031758016729370016,0.013230458447890682,0.09195661957535606
0.2840000000000002,1168.4191538062562,964.1346351136447,0.8753914283431836,-51.42275197642867,0.03178617340226513,0.01407833644755247,0.09329501648215022
0.2860000000000002,1173.7060184249672,964.1346550978908,0.7725744219063726,-51.40850321840525,0.03181601982557135,0.014923211653229454,0.09996060771355353
0.2880000000000002,1178.9894327727256,964.1346779360812,0.6697880941137262,-51.3931638963226,0.03184753164637704,0.01575591040276514,0.10686016642552865
0.2900000000000002,1184.2692077821896,964.1347031261433,0.5670347061347387,-51.376693989493674,0.031880680169260746,0.016574261441844224,0.1122275862114197
0.2920000000000002,1189.545206034089,964.1347306973895,0.4643160181389465,-51.35934399789603,0.031915441949824486,0.017380890281750615,0.11741219312871998
0.2940000000000002,1194.8172948319989,964.134757719105,0.3616337456869312,-51.34113622600719,0.031951779000764256,0.018168525469645536,0.11623621515754579
0.2960000000000002,1200.0855629692576,964.1348004816388,0.258987447939667,-51.323148873631965,0.031989751725611186,0.0189863624238256,0.14622334586425012
0.2980000000000002,1205.3490397280402,964.1348304149967,0.15638700918805348,-51.300219375806506,0.032029178646172246,0.01971346028050669,0.12233837910779854
0.3000000000000002,1210.6085756763136,964.1348747324225,0.0538245671734785,-51.281221007287165,0.032070193628135374,0.02050749098151861,0.14885802937287096
0.3020000000000002,1215.8633216805592,964.1349153879165,-0.048691171110877285,-51.25786914217786,0.03211267056118754,0.021238466525717065,0.1425754080172119
0.3040000000000002,1221.1135337222313,964.1349626572884,-0.15116227246831038,-51.23555067871653,0.032156643389882604,0.021986414347979356,0.15373576654224408
0.3060000000000002,1226.3588811767556,964.1350123863076,-0.25358507987150514,-51.211403701597256,0.03220206621949675,0.022711414806980038,0.15768484266546068
0.3080000000000002,1231.5992759679955,964.1350660547008,-0.3559583009870053,-51.18661055774943,0.03224892447745694,0.023429128980127906,0.16381146659779944
0.3100000000000002,1236.8345573963747,964.1351241756877,-0.45827993248336263,-51.160815748178536,0.032297197248128955,0.02413638533592951,0.17047138596138112
0.3120000000000002,1242.0645463861188,964.135184660662,-0.5605477889834223,-51.13392825002959,0.03234685407483276,0.024828413351574163,0.17390367214574454
0.3140000000000002,1247.2891734104337,964.1352513977208,-0.6627607541017895,-51.10648255918363,0.032397889157136386,0.025517541152088593,0.18267054873092547
0.3160000000000002,1252.5084848686931,964.1390628853333,-0.7649188435813441,-51.079044739593904,0.0324531549147136,0.027632874262819192,1.380486800448363
0.3180000000000002,1257.6815877214344,964.1534485462931,-0.8666203445537723,-50.850750486378686,0.03249851425508643,0.022679674685904438,-2.6819452790674845
0.32000000000000023,1262.9454665164028,964.1660933294793,-0.9692068543169015,-51.29325488156604,0.03256109181422864,0.03128877960015365,2.5144366353253
0.32200000000000023,1268.1257023034773,964.1669397198627,-1.0709706816120264,-50.8819136475622,0.03261457780088595,0.026742993329095518,-0.6505345430618945
0.32400000000000023,1273.3283508268355,964.1674308593105,-1.1729500231786396,-50.989670783306586,0.03267308597903968,0.02925408907695958,0.4955499206363747
0.32600000000000023,1278.5151557325753,964.1674560165233,-1.2747689897936967,-50.90948330752826,0.03273156325127603,0.029238636118081522,0.11215438654286203
0.32800000000000024,1283.698977005123,964.1675868197793,-1.3765533453143055,-50.89217776030404,0.03279171898582578,0.030077867274774864,0.2557374200774021
0.33000000000000024,1288.8750658962322,964.1676758157666,-1.4782559940345408,-50.85132436011758,0.03285291633069209,0.030598672433290335,0.2109454755776774
0.33200000000000024,1294.044962959735,964.1677828019373,-1.5798916259010927,-50.81781593327581,0.032915351997319924,0.031217833312417592,0.2312857222701794
0.33400000000000024,1299.2080384002688,964.1678977511777,-1.6814535938804314,-50.78098398966897,0.032978960414665366,0.03180420867413687,0.23973864980913007
0.33600000000000024,1304.364075122147,964.1680973941742,-1.7829393040617294,-50.742855090643886,0.03304388279190566,0.032461188276031894,0.3159454038543217
0.33800000000000024,1309.5105281818853,964.1681055347032,-1.8843232020411893,-50.69194898973366,0.033109223163573544,0.03267018617812076,0.06379862444211781
0.34000000000000025,1314.6558861368776,964.1684104556155,-1.9856885566889142,-50.682677323862286,0.033176663397367065,0.033720116896763165,0.3904618497832999
0.34200000000000025,1319.7892631091274,964.1684110037229,-2.0869275013662554,-50.619472338663186,0.0332440345617142,0.03368558143073913,-0.016554568507562095
0.34400000000000025,1324.9244552533826,964.170720167125,-2.1881758213459523,-50.6241599898542,0.03331542381978861,0.03569462972748464,1.074514635101135
0.34600000000000025,1330.0249604577116,964.1720137392281,-2.2890720158614513,-50.448097257749716,0.03338236143903022,0.03346880965904503,-0.8042300986290485
0.34800000000000025,1335.153352290733,964.1736775902915,-2.3902348594151257,-50.581421776837125,0.03345572561671417,0.036682088856215433,0.9120995185235614
0.35000000000000026,1340.2527524301597,964.1737131641721,-2.4911009503493506,-50.43304546711099,0.03352746375263104,0.03586906774885369,0.13336768829920587
0.35200000000000026,1345.3489739319675,964.1738508642974,-2.5919253562249653,-50.41220293780649,0.03360067041985771,0.03660333360647882,0.2623929546603243
0.35400000000000026,1350.4378023249565,964.1739823835576,-2.6926658393939933,-50.3702415845136,0.03367485649986772,0.037093040221403945,0.2564364056181425
0.35600000000000026,1355.5195136771322,964.1742983582031,-2.793324678023388,-50.32941931469718,0.03375037308587406,0.03775829300338084,0.3974761914338636
0.35800000000000026,1360.5894710837606,964.1744004707099,-2.8938553045964825,-50.26531328654707,0.03382628824151193,0.0379575778188404,0.22595630857928128
0.36000000000000026,1365.6533862979043,964.1745970751228,-2.9943140335124094,-50.22936445796314,0.03390341794797362,0.038564853230294835,0.3135318269409062
0.36200000000000027,1370.7084227971604,964.1747739376208,-3.0946721638033665,-50.1790651454786,0.03398139787132553,0.038989961672810484,0.2973739210871358
0.36400000000000027,1375.7538256370344,969.6488396027912,3.088250260677611,-50.131441349303884,0.0340603509772551,0.039476552968427975,52.3166592261511
0.36600000000000027,1379.2253053995332,970.2705180250863,3.0051430451834285,-41.553607747091334,0.03391162667041389,-0.07436215343565585,-17.630632749495
0.36800000000000027,1383.1931964748096,970.337392873342,2.916251230337998,-44.44590742271596,0.03384279539053303,-0.03441564043480368,5.782510192628322
0.3700000000000003,1386.9934815207296,970.3470297720806,2.8292538837560444,-43.49867329097421,0.03375052951143984,-0.046132939065044135,-2.1950966651508566
0.3720000000000003,1390.8558741466775,970.3477142378381,2.741534386418727,-43.85974866865878,0.03367014978452897,-0.040189863427184835,0.5850067339065745
0.3740000000000003,1394.7007200316684,970.3478586107107,2.6540043583679003,-43.765014025413095,0.033589590340281014,-0.040279722129356516,-0.26867533625462414
0.3760000000000003,1398.552552840393,970.3478738084143,2.566384099031362,-43.810129668268814,0.03351232736186448,-0.038631489203077185,-0.0871713932543301
0.3780000000000003,1402.4062037277822,970.3478869244578,2.4787329994152603,-43.82554980805073,0.0334376988264151,-0.037314267724753006,-0.08098161377819224
0.3800000000000003,1406.261522098314,970.3479036860599,2.391053135398843,-43.83993200820834,0.03336563163967846,-0.03603359336812608,-0.09154671512031598
0.3820000000000003,1410.1188483385044,970.3479093421872,2.303340982816064,-43.85607629138926,0.03329623143805221,-0.034700100828883744,-0.053179541687203624
0.3840000000000003,1413.9770936108998,970.3479450235748,2.2156093127732706,-43.86583502139661,0.033229141330952415,-0.033545053535829567,-0.1335690598359598
0.3860000000000003,1417.8386191577601,970.3479456894271,2.1278315712959217,-43.888870738674065,0.03316490403693684,-0.032118647006813585,-0.0182462645144561
0.3880000000000003,1421.7001255365637,970.3479659400385,2.0400457103517406,-43.892930472090256,0.03310288233386147,-0.031010851537174266,-0.10062457816765047
0.3900000000000003,1425.5640277903844,970.3479660090029,1.9522245745139253,-43.91056791890756,0.03304357695379884,-0.029652690031131586,-0.005872151578156348
0.3920000000000003,1429.427619942008,970.3479750778276,1.8643993346865237,-43.912619913700425,0.03298647564223936,-0.02855065577975375,-0.06733804560309764
0.3940000000000003,1433.292701611914,970.347979230144,1.776549852628149,-43.924741029187146,0.03293182813141811,-0.027323755410606797,-0.04556487894382144
0.3960000000000003,1437.1586778866322,970.3479820582453,1.6886832555171407,-43.933298555503924,0.03287955233842935,-0.026137896494335348,-0.03760386503561364
0.3980000000000003,1441.0253508766555,970.3479836878157,1.6008021488703668,-43.940553323386666,0.03282961867869651,-0.024966829866489543,-0.028544442263623182
0.4000000000000003,1444.8924900999707,970.3479848364052,1.512909508119702,-43.94632037533225,0.03278198305956307,-0.023817809566637003,-0.02396444705366818
0.4020000000000003,1448.7599935729702,970.3479856858598,1.425006845913554,-43.95133110307369,0.032736614749295644,-0.022684155133762568,-0.020608914171049264
0.4040000000000003,1452.6277960524787,970.347985886858,1.337095256630817,-43.95579464136826,0.03269350514008156,-0.021554804607088987,-0.01002492573271141
0.4060000000000003,1456.4956227304003,970.347985994391,1.2491782182762992,-43.95851917725862,0.032652600859684765,-0.02045214019843207,-0.007332562077483118
0.4080000000000003,1460.3634319586902,970.3479871947766,1.161256556322785,-43.96083097675735,0.03261394759679375,-0.019326631459906294,0.02449883192395319
0.4100000000000003,1464.2303196163168,970.3479940548922,1.0733409065349848,-43.95782489389937,0.032577208822121145,-0.018369387321838362,-0.058566695488753595
0.4120000000000003,1468.0987307449002,970.3480030946442,0.9854038110308563,-43.968547752063984,0.032542965533683736,-0.017121644218711197,0.06723002333617245
0.4140000000000003,1471.9650646453163,970.3480035012244,0.8974865738240926,-43.95861860338163,0.032510617427342306,-0.016174053172246357,0.014257982291953297
0.4160000000000003,1475.8308673670856,970.3480041648916,0.8095719636915575,-43.957305066267324,0.03248025531733616,-0.015181055001557675,-0.0182162994442141
0.4180000000000003,1479.6971189166277,970.3480116820281,0.7216491851446997,-43.961389273428715,0.0324521674935823,-0.014043911876915406,0.06130716303019845
0.4200000000000003,1483.5615552207762,970.3480138526012,0.6337443434739696,-43.95242083536473,0.03242597985166456,-0.013093820960331133,0.03294368748617593
0.4220000000000003,1487.4250193510604,970.3480149671128,0.5458482020738701,-43.94807070004954,0.03240175157435564,-0.01211413865348777,0.023606266765831663
0.4240000000000003,1491.2878166781375,970.348022048317,0.45795763905274967,-43.94528151055988,0.03237958316681724,-0.011084203768678547,0.05950295879761036
0.4260000000000003,1495.1489415771596,970.3480263087754,0.37008445003642826,-43.93659450816053,0.032359294012491505,-0.01014457716282897,0.046154405940621146
0.4280000000000003,1499.0088095992678,970.3480328685146,0.2822242604085172,-43.93009481395512,0.03234093955281811,-0.0091772298367981,0.05727014582035306
0.4300000000000003,1502.8671208476032,970.3480331122362,0.19438083773887843,-43.92171133484864,0.03232434891440043,-0.008295319386108254,0.011039058439210159
0.43200000000000033,1506.7252698225075,970.348100344369,0.10653866012088335,-43.92108880896752,0.03231008578896611,-0.007131562539899422,0.1833468472227091
0.43400000000000033,1510.5782944071327,970.3481005956177,0.01875458742087716,-43.89203635000289,0.032297042921068934,-0.006521433948583543,-0.011208226013251554
0.43600000000000033,1514.4318374397506,970.3481223150964,-0.0690352907777768,-43.894939099326415,0.032286178924697456,-0.005431998186088614,0.10421007326335996
0.43800000000000033,1518.2826073201188,970.3481332617218,-0.15679312332119666,-43.87891627170996,0.03227698830018928,-0.004595312253752514,0.07398184068048685
0.44000000000000034,1522.13150603293,970.3481507728354,-0.24452882887180266,-43.86785277530271,0.03226960882911592,-0.0036897355366966025,0.09357113230725034
0.44200000000000034,1525.978001372808,970.3481686880286,-0.33223598343141597,-43.853577279806565,0.03226395497841374,-0.0028269253511262584,0.0946445803351863
0.44400000000000034,1529.8220936392986,970.3481886133591,-0.4199142306926392,-43.83912363061121,0.032260017757485666,-0.0019686104642198114,0.09981315161885185
0.44600000000000034,1533.6636648142903,970.3482088985779,-0.5075618644682472,-43.823816887803716,0.032257763344465694,-0.001127206509780055,0.100710522916448
0.44800000000000034,1537.5027134609365,970.3482196702117,-0.5951785077556487,-43.80832164370035,0.03225710513938825,-0.0003291025434801329,0.07338812527324029
0.45000000000000034,1541.3401179816383,970.348511313596,-0.6827738281520496,-43.79766019819719,0.03225887039402947,0.000882627255331391,0.38186606567501613
0.45200000000000035,1545.166916032529,970.3487830766768,-0.7702450738700597,-43.735622859007904,0.03226012054794329,0.0006250770259845878,-0.3686211339795725
0.45400000000000035,1549.0048120828556,970.34927729311,-0.8578398473971433,-43.79738676354132,0.032265624669000896,0.002752060528195794,0.49709980548417754
0.45600000000000035,1552.8289393371722,970.3492774147818,-0.9452736860654012,-43.71691933412864,0.03227103948767258,0.002707409337350222,-0.007799733642824602
0.45800000000000035,1556.6538223150228,970.3493431120362,-1.0327122116281673,-43.719262781383,0.03227861747654183,0.0037889944345355668,0.18124190249200867
0.46000000000000035,1560.4740724117419,970.3493754390333,-1.120093431045317,-43.69060970857456,0.0322875334010516,0.0044579622551092,0.12713574854010767
0.46200000000000035,1564.2912842470662,970.349459576686,-1.2074352182146952,-43.67089358468879,0.03229815413209888,0.005310365523380417,0.20510686550381685
0.46400000000000036,1568.1032218468854,970.3494601707654,-1.2947115940418379,-43.638187913571,0.03230972981581959,0.00578784186030746,0.017234841026102288
0.46600000000000036,1571.9153346940395,970.3496088742169,-1.3819846242311884,-43.63651509467515,0.03232353657379312,0.006903378987127963,0.2726751285314659
0.46800000000000036,1575.7203286660163,970.3496353761866,-1.4691703438077164,-43.59285978826371,0.0323382616319681,0.007362529087377464,0.11511292211336954
0.47000000000000036,1579.5227454682724,970.3497019280657,-1.5563204477454358,-43.575051968859555,0.032354617899557854,0.008178133794899449,0.18241693875905618
0.47200000000000036,1583.3206939735276,970.3497579670516,-1.6434128657974894,-43.54620902602652,0.03237231254052526,0.008847320483800263,0.1673902414910744
0.47400000000000037,1587.1146363546693,970.3498214810858,-1.7304525253611405,-43.51982978182517,0.03239141079599681,0.009549127735642038,0.17820498622515846
0.47600000000000037,1590.904296993489,970.3498875299103,-1.817435882184693,-43.49167841177611,0.0324118677183609,0.01022846118212399,0.1817262014913421
0.47800000000000037,1594.689608584188,970.3499574131001,-1.904361782370703,-43.46295009300465,0.0324336687620724,0.01090052185576113,0.1869267098898657
0.48000000000000037,1598.4704562054349,970.3500311240372,-1.9912285224377055,-43.433370033500914,0.03245679316298007,0.011562200453666134,0.19197778137397847
0.4820000000000004,1602.2467291846224,970.3501078788415,-2.0780344452371073,-43.402961399700665,0.03248121813277949,0.01221248489981384,0.19590151144379142
0.4840000000000004,1606.0183497568723,970.3501903259696,-2.1647782703580405,-43.3719125604662,0.03250693285785468,0.012857362537593007,0.20303586891950154
0.4860000000000004,1609.7851460276615,970.3502661210548,-2.2514576296998663,-43.33967967091185,0.032533877677808506,0.01347240985918212,0.19467291189468838
0.4880000000000004,1613.5473917299985,970.3503585393988,-2.3380752952286072,-43.30883276436989,0.03256211797893456,0.01412015055581369,0.21496318754990362
0.4900000000000004,1617.3045462930193,970.3504595891696,-2.424624638322455,-43.27467154692417,0.032591591199324525,0.01473661031732492,0.22477741301834975
0.4920000000000004,1621.0563670119848,970.3505703273279,-2.511102460319559,-43.23891099855182,0.032622274290467275,0.015341545574087989,0.23530635163457703
0.4940000000000004,1624.8025808185514,970.3506458539703,-2.597505204530794,-43.20137210561721,0.032654017190577055,0.015871450054842966,0.19432787036256016
0.4960000000000004,1628.5443751601406,970.3507083296419,-2.6838462214651835,-43.17050846718997,0.03268691122000775,0.016447013504841877,0.17674228644651535
0.4980000000000004,1632.2823270082322,970.3510448645301,-2.7701318152277916,-43.14279688130503,0.032721571237578795,0.017330009995950784,0.41020414932753724
0.5000000000000003,1636.0098236866568,970.3510753411422,-2.856284902197177,-43.07654348469214,0.03275645366277776,0.01744121249230061,0.12344353391630847
0.5020000000000003,1639.7350064016568,970.3511759266879,-2.942399528981343,-43.05731339208286,0.032792818417866576,0.01818237765109704,0.22426050221798555
0.5040000000000003,1643.4550774883123,970.3513329259458,-3.0284428354239123,-43.02165322128418,0.03283042644889705,0.018804015515785366,0.2801778523824936
0.5060000000000003,1647.1684878298229,970.3514448307909,-3.1143964101998485,-42.976787387967974,0.03286895936096493,0.01926645602252921,0.23654264425443827
0.5080000000000003,1650.8750330585804,975.8153027188702,3.0829106855652326,-42.939105707252416,0.03290866652198316,0.019853580515478784,52.26785765687784
0.5100000000000003,1653.2557134386511,976.4404237479682,3.0141721936733465,-34.369245945942815,0.03272085304690117,-0.09390673753620035,-17.679381056729937
0.5120000000000003,1656.051022466217,976.5043377557391,2.9396333691058514,-37.269412283747215,0.032612892655027655,-0.053980195938027574,5.653052616548159
0.5140000000000003,1658.7091705809241,976.5133421125574,2.8669463866976876,-36.343491204081744,0.03248223627364607,-0.06532819068943274,-2.1218337373974023
0.5160000000000003,1661.4174696747157,976.5138298717869,2.7935613483074193,-36.692519195133904,0.0323630786498228,-0.05957881191282802,0.49384168996768096
0.5180000000000003,1664.1133132856694,976.5138298790519,2.720335204185881,-36.6130720607689,0.032244817948392665,-0.05913035073752183,0.0019059066169333505
0.5200000000000004,1666.808334487597,976.5159901530384,2.647109555937826,-36.61282412402714,0.032126673926283364,-0.05907201103092721,-1.0392963933558121
0.5220000000000004,1669.5278559753733,976.5169319191355,2.5735396278547187,-36.784964041554694,0.0320165271970993,-0.05507336490441938,0.6862091871552778
0.5240000000000004,1672.2302240217487,976.5176704406655,2.5001930824142864,-36.67327272021374,0.03190503197505927,-0.055747610707747364,-0.607668301789495
0.5260000000000004,1674.9466752868884,976.5176939281835,2.4266449164136517,-36.77408300031727,0.031798535807516654,-0.05324808377118756,0.10836862555967741
0.5280000000000004,1677.6599637849265,976.517789974702,2.3531302029853878,-36.75735671413147,0.03169365169223222,-0.052442057642207156,-0.21914209843146892
0.5300000000000004,1680.3780097174385,976.5178101362022,2.27954153358601,-36.79433469968841,0.03159181619535912,-0.05091774843673052,-0.10040293871556116
0.5320000000000004,1683.097972785058,976.5178418619312,2.205917841655266,-36.811845965372086,0.03149251607122299,-0.04965006207622847,-0.12594786411064973
0.5340000000000004,1685.8204912673705,976.5178682260939,2.1322507682565384,-36.83353669936329,0.03139584477000833,-0.04833565059904162,-0.1148132455302644
0.5360000000000004,1688.54532940558,976.5178735045761,2.0585438274767798,-36.853470389879334,0.03130189097229476,-0.046976898902143654,-0.0513735444713177
0.5380000000000004,1691.2709461524612,976.5179805327812,1.9848182339976068,-36.862796739585946,0.031209967254897514,-0.04596185865325537,-0.23133115343188848
0.5400000000000004,1694.0017435555635,976.5179808386146,1.9110146084129394,-36.90181279233361,0.03112122433226609,-0.044371461366738696,-0.012365948670293392
0.5420000000000004,1696.732443042586,976.5179988281945,1.8372048100063134,-36.90489920331231,0.03103465318200858,-0.04328557507779069,-0.09484086670558867
0.5440000000000004,1699.4650546719467,976.5180209802043,1.7633619053740324,-36.9214523161405,0.030950500833652868,-0.04207617419200232,-0.10524260008706676
0.5460000000000004,1702.1998596507458,976.518027132129,1.6894823947873006,-36.93975529336541,0.030868901460094397,-0.040799686765063056,-0.055461359124322485
0.5480000000000004,1704.9356694597755,976.5180433912317,1.6155826714927963,-36.949861647251595,0.030789569303931136,-0.03966607808150322,-0.0901640247883293
0.5500000000000004,1707.6733446973926,976.5180577837357,1.541651392424174,-36.96563953431077,0.030712618739869156,-0.03847528203119454,-0.08483072557008242
0.5520000000000004,1710.412788182567,976.5180589442492,1.4676901781774756,-36.98060712334936,0.03063815478706831,-0.03723197641325825,-0.024088519002063435
0.5540000000000004,1713.1525400052174,976.5180732845473,1.3937190698968411,-36.985554140316516,0.030565790556178175,-0.03618211543219547,-0.08467673249980123
0.5560000000000004,1715.894093945429,976.5180774499976,1.3197181736879724,-37.000448104434255,0.030495815585229118,-0.034987485474600954,-0.04563688320039461
0.5580000000000004,1718.6365246715886,976.5180826772627,1.245700296925837,-37.008938381067274,0.030428054534761887,-0.033880525233858746,-0.05112369839717701
0.5600000000000004,1721.3799873662854,976.5180860736217,1.1716636423178333,-37.01832730400159,0.030362529323895274,-0.0327626054328778,-0.041208973551729144
0.5620000000000004,1724.1242628506045,976.5180891115031,1.0976114696242902,-37.02608634677122,0.030299188280924722,-0.03167052148520462,-0.03897358968010778
0.5640000000000004,1726.8693192642656,976.518090809149,1.0235445076527192,-37.033480985785175,0.03023802591718676,-0.030581181869214078,-0.029134567118781263
0.5660000000000004,1729.614939143823,976.5180922430915,0.9494659906028335,-37.03925852494298,0.030178991614518348,-0.02951715133402282,-0.026776318517338638
0.5680000000000004,1732.3610960652982,976.5180940804881,0.8753765726604072,-37.044708971212906,0.03012219424901861,-0.02839868275470845,0.030310036792407402
0.5700000000000004,1735.106396366123,976.5181334727922,0.8012953628859973,-37.04060488720482,0.030066995714795285,-0.02759926710827821,-0.14034297999956635
0.5720000000000004,1737.8550385522537,976.5181494236742,0.727165996667499,-37.06468310924836,0.030014543187469,-0.026226263661719727,0.08930532469383934
0.5740000000000004,1740.601452092547,976.518152735353,0.6530639391250057,-37.051028771246656,0.029963678335628702,-0.025432425920172908,-0.0406920064324936
0.5760000000000004,1743.3488170220517,976.5181527411529,0.578946578214067,-37.05868045546944,0.029914950234371636,-0.024364050635068704,0.0017029079376520428
0.5780000000000004,1746.0961288143478,976.5181533520556,0.5048277652943005,-37.059406459882695,0.029868225258912865,-0.023362487722853185,0.01747716733375171
0.5800000000000004,1748.8430206731123,976.518153537946,0.4307127459447777,-37.057509674795995,0.02982336181243344,-0.02243172375230823,-0.009640809078074852
0.5820000000000004,1751.59017941379,976.5181565981991,0.3565925498541951,-37.06009804525499,0.02978055588055298,-0.02140296542761382,0.03911683235975971
0.5840000000000004,1754.336438096877,976.5181567801533,0.28248321873320137,-37.05466556049632,0.029739542033162855,-0.020506923695076434,0.009538192029879156
0.5860000000000004,1757.082532656783,976.5181567814038,0.2083751194650567,-37.05404963407474,0.029700382592366,-0.019579720416839218,-0.0007907568746325921
0.5880000000000004,1759.828744577653,976.5181634427116,0.13426475018883455,-37.055184638108265,0.029663237481720735,-0.018572555304282794,0.057711817417999356
0.5900000000000004,1762.5736756177678,976.5181693584852,0.060171276550249786,-37.04673681929212,0.029627870472848192,-0.01768350443632959,0.054386457753336614
0.5920000000000004,1765.3174191416017,976.5181695193542,-0.01390626144103635,-37.03876899564305,0.02959416554239648,-0.016852465225714822,0.008968525720893794
0.5940000000000004,1768.0611043549304,976.5181749960067,-0.08798280939128666,-37.038273975124504,0.029562372499630406,-0.015896521383032478,0.05232901910598997
0.5960000000000004,1770.8037010528144,976.5181803201468,-0.16204416213694195,-37.030676372827664,0.029532316240640708,-0.015028129495652253,0.05159525260554254
0.5980000000000004,1773.5452463407855,976.5181840222066,-0.23609052150090548,-37.02317968198137,0.029503961117646787,-0.014177561496174844,0.043023596861194946
0.6000000000000004,1776.2859737739168,976.518194241373,-0.3101247431494931,-37.017110824293745,0.029477389342621674,-0.013285887512708363,0.07148134856189792
0.6020000000000004,1779.0252111886202,976.518199256876,-0.38413744807462624,-37.00635246256599,0.02945242989866369,-0.012479721981012283,0.05007745525364804
0.6040000000000004,1781.7635043257324,976.518214196819,-0.4581357096648926,-36.99913079513289,0.029429230529654637,-0.011599684502821131,0.08642899716551966
0.6060000000000004,1784.499988375674,976.5182199762082,-0.5321075395566552,-36.98591494588118,0.029407565033931143,-0.010832747861303161,0.05375587967474793
0.6080000000000004,1787.2354820949458,976.5182371709005,-0.6060637045037574,-36.97808247355091,0.029387628277568568,-0.009968378181395045,0.0927218753737975
0.6100000000000004,1789.9690600505876,976.5182474380036,-0.6799913892287961,-36.96384236251859,0.029369213106728735,-0.009207585419850778,0.07164880704425425
0.6120000000000004,1792.701257071773,976.5182649583192,-0.7538975247561837,-36.95306776369396,0.029352431992306343,-0.008390557211119549,0.09359571453154292
0.6140000000000004,1795.4315628530367,976.5182806942468,-0.8277749031748307,-36.93868920932325,0.029337178335385475,-0.007626828460496985,0.0887015434310845
0.6160000000000004,1798.1601175825185,976.518297544267,-0.901625117256696,-36.925107040932204,0.02932346131087537,-0.006858512254944233,0.09178785397373357
0.6180000000000004,1800.886871852611,976.5183232184881,-0.9754471936764046,-36.91103820985418,0.029311306212833784,-0.006077549020827078,0.11330097320641563
0.6200000000000004,1803.6113182469874,976.5183306094533,-1.0492339517717255,-36.89337904765934,0.029300493351429452,-0.0054064307247940965,0.060790481060195134
